<?xml version = '1.0' encoding = 'UTF-8'?>
<Entity class="oracle.dbtools.crest.model.design.logical.Entity" directorySegmentName="seg_0" id="0EA57D36-6CAE-ABD1-9294-4F70A89D3FC6" name="DIM_TEMPO">
<createdBy>Junior</createdBy>
<createdTime>2022-11-23 17:44:07 UTC</createdTime>
<ownerDesignName>SGV_LOGICO</ownerDesignName>
<engineerTo>
<item key="EF61DE2A-F13A-1648-CB6D-CDC78C7AC393" value="true"/>
</engineerTo>
<typeID>2</typeID>
<adequatelyNormalized>NO</adequatelyNormalized>
<expectedVolumes>0</expectedVolumes>
<fwdEngineeringStrategyName>Single Table</fwdEngineeringStrategyName>
<growthPercent>0</growthPercent>
<growthType>Year</growthType>
<maxVolumes>9999999</maxVolumes>
<minVolumes>0</minVolumes>
<normalForm>Third</normalForm>
<attributes itemClass="oracle.dbtools.crest.model.design.logical.Attribute">
<Attribute name="sk_tempo" id="98EF171D-29F1-F3FA-657A-26413E142491">
<createdBy>Junior</createdBy>
<createdTime>2022-11-23 18:05:19 UTC</createdTime>
<comment><![CDATA[Essa coluna irá armazenar a chave Surrogate da tabela Dimensao Tempo. Campo numerico sequencial]]></comment>
<commentInRDBMS><![CDATA[Essa coluna irá armazenar a chave Surrogate da tabela Dimensao Tempo. Campo numerico sequencial]]></commentInRDBMS>
<ownerDesignName>SGV_LOGICO</ownerDesignName>
<engineerTo>
<item key="EF61DE2A-F13A-1648-CB6D-CDC78C7AC393" value="true"/>
</engineerTo>
<useDomainConstraints>false</useDomainConstraints>
<use>1</use>
<logicalDatatype>LOGDT019</logicalDatatype>
<dataTypePrecision>10</dataTypePrecision>
<ownDataTypeParameters>,10,</ownDataTypeParameters>
</Attribute>
<Attribute name="dt_visualizacao" id="094A1BB7-1C5A-9C14-1500-33B48FACF1A1">
<createdBy>Junior</createdBy>
<createdTime>2022-11-23 18:11:23 UTC</createdTime>
<comment><![CDATA[Esse campo irá armazenar a data da visualizacao. Campo date, obrigatorio]]></comment>
<commentInRDBMS><![CDATA[Esse campo irá armazenar a data da visualizacao. Campo date, obrigatorio]]></commentInRDBMS>
<ownerDesignName>SGV_LOGICO</ownerDesignName>
<engineerTo>
<item key="EF61DE2A-F13A-1648-CB6D-CDC78C7AC393" value="true"/>
</engineerTo>
<useDomainConstraints>false</useDomainConstraints>
<use>1</use>
<logicalDatatype>LOGDT007</logicalDatatype>
<ownDataTypeParameters>,,</ownDataTypeParameters>
</Attribute>
<Attribute name="nr_ano" id="CD7EFD32-0324-EC74-CA8A-FA5A2EC1B673">
<createdBy>Junior</createdBy>
<createdTime>2022-11-23 18:11:42 UTC</createdTime>
<comment><![CDATA[Esse campo irá armazenar o ano ex:(2022) da visualizacao. Campo numeric 4 posicoes, obrigatorio.]]></comment>
<commentInRDBMS><![CDATA[Esse campo irá armazenar o ano ex:(2022) da visualizacao. Campo numeric 4 posicoes, obrigatorio.]]></commentInRDBMS>
<ownerDesignName>SGV_LOGICO</ownerDesignName>
<engineerTo>
<item key="EF61DE2A-F13A-1648-CB6D-CDC78C7AC393" value="true"/>
</engineerTo>
<useDomainConstraints>false</useDomainConstraints>
<use>1</use>
<logicalDatatype>LOGDT019</logicalDatatype>
<dataTypePrecision>4</dataTypePrecision>
<ownDataTypeParameters>,4,</ownDataTypeParameters>
</Attribute>
<Attribute name="nr_mes" id="AC289A06-43ED-0018-8676-6B78F3F1186A">
<createdBy>Junior</createdBy>
<createdTime>2022-11-23 18:12:02 UTC</createdTime>
<comment><![CDATA[Esse campo irá armazenar o mes ex:(08) da visualizacao. Campo numeric 2 posicoes, obrigatorio.]]></comment>
<commentInRDBMS><![CDATA[Esse campo irá armazenar o mes ex:(08) da visualizacao. Campo numeric 2 posicoes, obrigatorio.]]></commentInRDBMS>
<ownerDesignName>SGV_LOGICO</ownerDesignName>
<engineerTo>
<item key="EF61DE2A-F13A-1648-CB6D-CDC78C7AC393" value="true"/>
</engineerTo>
<useDomainConstraints>false</useDomainConstraints>
<use>1</use>
<logicalDatatype>LOGDT019</logicalDatatype>
<dataTypePrecision>2</dataTypePrecision>
<ownDataTypeParameters>,2,</ownDataTypeParameters>
</Attribute>
<Attribute name="nr_dia" id="EC9F9A8E-8DE0-4B7F-5048-2A77DDD90D9A">
<createdBy>Junior</createdBy>
<createdTime>2022-11-23 18:12:19 UTC</createdTime>
<comment><![CDATA[Esse campo irá armazenar o dia ex:(25) da visualizacao. Campo numeric 2 posicoes, obrigatorio.]]></comment>
<commentInRDBMS><![CDATA[Esse campo irá armazenar o dia ex:(25) da visualizacao. Campo numeric 2 posicoes, obrigatorio.]]></commentInRDBMS>
<ownerDesignName>SGV_LOGICO</ownerDesignName>
<engineerTo>
<item key="EF61DE2A-F13A-1648-CB6D-CDC78C7AC393" value="true"/>
</engineerTo>
<useDomainConstraints>false</useDomainConstraints>
<use>1</use>
<logicalDatatype>LOGDT019</logicalDatatype>
<dataTypePrecision>2</dataTypePrecision>
<ownDataTypeParameters>,2,</ownDataTypeParameters>
</Attribute>
<Attribute name="ds_dia_semana" id="F3E5A01C-C1C8-845E-82A9-99BBE90154B3">
<createdBy>Junior</createdBy>
<createdTime>2022-11-23 18:12:35 UTC</createdTime>
<comment><![CDATA[Esse campo irá armazenar o dia da semana por extenso:

Segunda - Feira
Terça - Feira
Quarta - Feira
Quinta - Feira
Sexta - Feira
Sabado
Domingo]]></comment>
<commentInRDBMS><![CDATA[Esse campo irá armazenar o dia da semana por extenso:

Segunda - Feira
Terça - Feira
Quarta - Feira
Quinta - Feira
Sexta - Feira
Sabado
Domingo]]></commentInRDBMS>
<ownerDesignName>SGV_LOGICO</ownerDesignName>
<engineerTo>
<item key="EF61DE2A-F13A-1648-CB6D-CDC78C7AC393" value="true"/>
</engineerTo>
<useDomainConstraints>false</useDomainConstraints>
<use>1</use>
<logicalDatatype>LOGDT024</logicalDatatype>
<dataTypeSize>15</dataTypeSize>
<ownDataTypeParameters>15,,</ownDataTypeParameters>
</Attribute>
<Attribute name="nm_mes_extenso" id="28A2845D-DAB0-A96C-429C-F0BCEF76B943">
<createdBy>Junior</createdBy>
<createdTime>2022-11-23 18:13:12 UTC</createdTime>
<comment><![CDATA[Esse campo irá armazenar o nome do mes por extenso:

Janeiro - Fevereiro - Marco - Abril - Maio - Junho - Julho - Agosto - Setembro - Outubro -
Novembro - Dezembro]]></comment>
<commentInRDBMS><![CDATA[Esse campo irá armazenar o nome do mes por extenso:

Janeiro - Fevereiro - Marco - Abril - Maio - Junho - Julho - Agosto - Setembro - Outubro -
Novembro - Dezembro]]></commentInRDBMS>
<ownerDesignName>SGV_LOGICO</ownerDesignName>
<engineerTo>
<item key="EF61DE2A-F13A-1648-CB6D-CDC78C7AC393" value="true"/>
</engineerTo>
<useDomainConstraints>false</useDomainConstraints>
<use>1</use>
<logicalDatatype>LOGDT024</logicalDatatype>
<dataTypeSize>18</dataTypeSize>
<ownDataTypeParameters>18,,</ownDataTypeParameters>
</Attribute>
<Attribute name="ds_semestre" id="DD6F0FDB-5F2B-54D3-1CCC-48EFB281A901">
<createdBy>Junior</createdBy>
<createdTime>2022-11-23 18:13:42 UTC</createdTime>
<comment><![CDATA[Esse campo irá armazenar o nome do semestre por extenso:

Primeiro Semestre:   Janeiro - Fevereiro - Marco - Abril - Maio - Junho 

Segundo Semestre: Julho - Agosto - Setembro - Outubro - Novembro - Dezembro]]></comment>
<commentInRDBMS><![CDATA[Esse campo irá armazenar o nome do semestre por extenso:

Primeiro Semestre:   Janeiro - Fevereiro - Marco - Abril - Maio - Junho 

Segundo Semestre: Julho - Agosto - Setembro - Outubro - Novembro - Dezembro]]></commentInRDBMS>
<ownerDesignName>SGV_LOGICO</ownerDesignName>
<engineerTo>
<item key="EF61DE2A-F13A-1648-CB6D-CDC78C7AC393" value="true"/>
</engineerTo>
<useDomainConstraints>false</useDomainConstraints>
<use>1</use>
<logicalDatatype>LOGDT024</logicalDatatype>
<dataTypeSize>20</dataTypeSize>
<ownDataTypeParameters>20,,</ownDataTypeParameters>
</Attribute>
<Attribute name="ds_trimestre" id="5DC3FF38-F24B-9921-C461-9FDC5DF76941">
<createdBy>Junior</createdBy>
<createdTime>2022-11-24 21:34:56 UTC</createdTime>
<comment><![CDATA[Esse campo irá armazenar o nome do Trimestre por extenso:

Primeiro Trimestre:   Janeiro - Fevereiro - Marco 
Segundo Trimestre: Abril - Maio - Junho 
Terceiro Trimestre: Julho - Agosto - Setembro 
Quarto Trimestre: Outubro - Novembro - Dezembro]]></comment>
<commentInRDBMS><![CDATA[Esse campo irá armazenar o nome do Trimestre por extenso:

Primeiro Trimestre:   Janeiro - Fevereiro - Marco 
Segundo Trimestre: Abril - Maio - Junho 
Terceiro Trimestre: Julho - Agosto - Setembro 
Quarto Trimestre: Outubro - Novembro - Dezembro]]></commentInRDBMS>
<ownerDesignName>SGV_LOGICO</ownerDesignName>
<engineerTo>
<item key="EF61DE2A-F13A-1648-CB6D-CDC78C7AC393" value="true"/>
</engineerTo>
<useDomainConstraints>false</useDomainConstraints>
<use>1</use>
<logicalDatatype>LOGDT024</logicalDatatype>
<dataTypeSize>20</dataTypeSize>
<ownDataTypeParameters>20,,</ownDataTypeParameters>
</Attribute>
<Attribute name="st_feriado_nacional" id="38607CE1-92D2-0779-3EF5-9925706E53B7">
<createdBy>Junior</createdBy>
<createdTime>2022-11-23 18:14:51 UTC</createdTime>
<comment><![CDATA[Esse campo irá armazenar se é feriado nacional: Sim  -  Nao
Campo Varchar de 3 poicoes]]></comment>
<commentInRDBMS><![CDATA[Esse campo irá armazenar se é feriado nacional: Sim  -  Nao
Campo Varchar de 3 poicoes]]></commentInRDBMS>
<ownerDesignName>SGV_LOGICO</ownerDesignName>
<engineerTo>
<item key="EF61DE2A-F13A-1648-CB6D-CDC78C7AC393" value="true"/>
</engineerTo>
<nullsAllowed>true</nullsAllowed>
<useDomainConstraints>false</useDomainConstraints>
<use>1</use>
<logicalDatatype>LOGDT024</logicalDatatype>
<dataTypeSize>3</dataTypeSize>
<ownDataTypeParameters>3,,</ownDataTypeParameters>
</Attribute>
<Attribute name="horario_acesso" id="BEBA5A84-3CD9-FE12-0208-6432C2557793">
<createdBy>Junior</createdBy>
<createdTime>2022-11-24 22:06:52 UTC</createdTime>
<comment><![CDATA[Esse campo irá armazenar o Horario de acesso detalhado: Hora - Minuto - Segundos.]]></comment>
<commentInRDBMS><![CDATA[Esse campo irá armazenar o Horario de acesso detalhado: Hora - Minuto - Segundos.]]></commentInRDBMS>
<ownerDesignName>SGV_LOGICO</ownerDesignName>
<engineerTo>
<item key="EF61DE2A-F13A-1648-CB6D-CDC78C7AC393" value="true"/>
</engineerTo>
<useDomainConstraints>false</useDomainConstraints>
<use>1</use>
<logicalDatatype>LOGDT015</logicalDatatype>
<dataTypePrecision>6</dataTypePrecision>
<ownDataTypeParameters>,6,</ownDataTypeParameters>
</Attribute>
</attributes>
<identifiers itemClass="oracle.dbtools.crest.model.design.logical.CandidateKey">
<identifier id="B19D68FF-FD7F-3220-C935-E0239F79D6E5" name="SK_TEMPO">
<createdBy>Junior</createdBy>
<createdTime>2022-11-23 18:11:16 UTC</createdTime>
<ownerDesignName>SGV_LOGICO</ownerDesignName>
<shouldEngineer>false</shouldEngineer>
<engineerTo>
<item key="EF61DE2A-F13A-1648-CB6D-CDC78C7AC393" value="false"/>
</engineerTo>
<pk>true</pk>
<newElementsIDs>98EF171D-29F1-F3FA-657A-26413E142491</newElementsIDs>
<usedAttributes>
<attributeRef>98EF171D-29F1-F3FA-657A-26413E142491</attributeRef>
</usedAttributes>
</identifier>
</identifiers>
</Entity>