<?xml version = '1.0' encoding = 'UTF-8'?>
<Entity class="oracle.dbtools.crest.model.design.logical.Entity" directorySegmentName="seg_0" id="57F2812B-67F8-419F-5262-40C249BB5823" name="DIM_FAIXA_ETARIA">
<createdBy>Junior</createdBy>
<createdTime>2022-11-23 17:43:26 UTC</createdTime>
<ownerDesignName>SGV_LOGICO</ownerDesignName>
<engineerTo>
<item key="EF61DE2A-F13A-1648-CB6D-CDC78C7AC393" value="true"/>
</engineerTo>
<typeID>2</typeID>
<adequatelyNormalized>NO</adequatelyNormalized>
<expectedVolumes>0</expectedVolumes>
<fwdEngineeringStrategyName>Single Table</fwdEngineeringStrategyName>
<growthPercent>0</growthPercent>
<growthType>Year</growthType>
<maxVolumes>9999999</maxVolumes>
<minVolumes>0</minVolumes>
<normalForm>Third</normalForm>
<attributes itemClass="oracle.dbtools.crest.model.design.logical.Attribute">
<Attribute name="sk_faixa_etaria" id="A56EEAA8-24F6-C316-C9F2-F7A0608D360F">
<createdBy>Junior</createdBy>
<createdTime>2022-11-23 17:56:10 UTC</createdTime>
<comment><![CDATA[Essa coluna irá armazenar a chave Surrogate da tabela Dimensao Faixa_Etaria. Campo numerico sequencial]]></comment>
<commentInRDBMS><![CDATA[Essa coluna irá armazenar a chave Surrogate da tabela Dimensao Faixa_Etaria. Campo numerico sequencial]]></commentInRDBMS>
<ownerDesignName>SGV_LOGICO</ownerDesignName>
<engineerTo>
<item key="EF61DE2A-F13A-1648-CB6D-CDC78C7AC393" value="true"/>
</engineerTo>
<useDomainConstraints>false</useDomainConstraints>
<use>1</use>
<logicalDatatype>LOGDT019</logicalDatatype>
<dataTypePrecision>10</dataTypePrecision>
<ownDataTypeParameters>,10,</ownDataTypeParameters>
</Attribute>
<Attribute name="cd_faixa_etaria" id="54143A3D-F4BA-A641-DE26-84F535F9A190">
<createdBy>Junior</createdBy>
<createdTime>2022-11-23 17:56:32 UTC</createdTime>
<comment><![CDATA[Esse campo irá armazenar o codigo da Faixa_etaria. Campo numerico

(1)   1 a 20 anos: cliente teen.
(2)   21 a 25 anos: adulta(o) inicio carreira.
(3)   26 a 40 anos: adulta(o) carreira consolidada.
(4)   41 a 60 anos: adulta(o) carreira final.
(5)   61 a 120 anos: adulta(o) terceira idade.
(6)   0 a 0 perfil CNPJ]]></comment>
<commentInRDBMS><![CDATA[Esse campo irá armazenar o codigo da Faixa_etaria. Campo numerico

(1)   1 a 20 anos: cliente teen.
(2)   21 a 25 anos: adulta(o) inicio carreira.
(3)   26 a 40 anos: adulta(o) carreira consolidada.
(4)   41 a 60 anos: adulta(o) carreira final.
(5)   61 a 120 anos: adulta(o) terceira idade.
(6)   0 a 0 perfil CNPJ]]></commentInRDBMS>
<ownerDesignName>SGV_LOGICO</ownerDesignName>
<engineerTo>
<item key="EF61DE2A-F13A-1648-CB6D-CDC78C7AC393" value="true"/>
</engineerTo>
<useDomainConstraints>false</useDomainConstraints>
<use>1</use>
<logicalDatatype>LOGDT019</logicalDatatype>
<dataTypePrecision>5</dataTypePrecision>
<ownDataTypeParameters>,5,</ownDataTypeParameters>
</Attribute>
<Attribute name="ds_faixa_etaria" id="857E6DB7-01E8-2934-E30B-586EC29430BF">
<createdBy>Junior</createdBy>
<createdTime>2022-11-23 17:56:56 UTC</createdTime>
<comment><![CDATA[1 a 20 anos: cliente teen.
21 a 25 anos: adulta(o) inicio carreira.
26 a 40 anos: adulta(o) carreira consolidada.
41 a 60 anos: adulta(o) carreira final.
61 a 120 anos: adulta(o) terceira idade.
0 a 0 perfil CNPJ]]></comment>
<commentInRDBMS><![CDATA[1 a 20 anos: cliente teen.
21 a 25 anos: adulta(o) inicio carreira.
26 a 40 anos: adulta(o) carreira consolidada.
41 a 60 anos: adulta(o) carreira final.
61 a 120 anos: adulta(o) terceira idade.
0 a 0 perfil CNPJ]]></commentInRDBMS>
<ownerDesignName>SGV_LOGICO</ownerDesignName>
<engineerTo>
<item key="EF61DE2A-F13A-1648-CB6D-CDC78C7AC393" value="true"/>
</engineerTo>
<useDomainConstraints>false</useDomainConstraints>
<use>1</use>
<logicalDatatype>LOGDT024</logicalDatatype>
<dataTypeSize>40</dataTypeSize>
<ownDataTypeParameters>40,,</ownDataTypeParameters>
</Attribute>
<Attribute name="nr_idade_inicial" id="1DF1A907-27BD-6B03-A390-44A6544424F1">
<createdBy>Junior</createdBy>
<createdTime>2022-11-23 17:57:35 UTC</createdTime>
<comment><![CDATA[Esse campo irá armazenar a idade inicial da Faixa_Etaria, Campo numeric 2 posicoes]]></comment>
<commentInRDBMS><![CDATA[Esse campo irá armazenar a idade inicial da Faixa_Etaria, Campo numeric 2 posicoes]]></commentInRDBMS>
<ownerDesignName>SGV_LOGICO</ownerDesignName>
<engineerTo>
<item key="EF61DE2A-F13A-1648-CB6D-CDC78C7AC393" value="true"/>
</engineerTo>
<useDomainConstraints>false</useDomainConstraints>
<use>1</use>
<logicalDatatype>LOGDT019</logicalDatatype>
<dataTypePrecision>2</dataTypePrecision>
<ownDataTypeParameters>,2,</ownDataTypeParameters>
</Attribute>
<Attribute name="nr_idade_final" id="1A37BEDB-F7B9-12A8-1687-01B4DFAF320F">
<createdBy>Junior</createdBy>
<createdTime>2022-11-23 17:58:14 UTC</createdTime>
<comment><![CDATA[Esse campo irá armazenar a idade final da Faixa_Etaria, Campo numeric 2 posicoes]]></comment>
<commentInRDBMS><![CDATA[Esse campo irá armazenar a idade final da Faixa_Etaria, Campo numeric 2 posicoes]]></commentInRDBMS>
<ownerDesignName>SGV_LOGICO</ownerDesignName>
<engineerTo>
<item key="EF61DE2A-F13A-1648-CB6D-CDC78C7AC393" value="true"/>
</engineerTo>
<useDomainConstraints>false</useDomainConstraints>
<use>1</use>
<logicalDatatype>LOGDT019</logicalDatatype>
<dataTypePrecision>2</dataTypePrecision>
<ownDataTypeParameters>,2,</ownDataTypeParameters>
</Attribute>
</attributes>
<identifiers itemClass="oracle.dbtools.crest.model.design.logical.CandidateKey">
<identifier id="DC80CF47-7D65-B9B0-C46E-A63F5A53841D" name="SK_FAIXA_ETARIA">
<createdBy>Junior</createdBy>
<createdTime>2022-11-23 17:56:28 UTC</createdTime>
<ownerDesignName>SGV_LOGICO</ownerDesignName>
<shouldEngineer>false</shouldEngineer>
<engineerTo>
<item key="EF61DE2A-F13A-1648-CB6D-CDC78C7AC393" value="false"/>
</engineerTo>
<pk>true</pk>
<newElementsIDs>A56EEAA8-24F6-C316-C9F2-F7A0608D360F</newElementsIDs>
<usedAttributes>
<attributeRef>A56EEAA8-24F6-C316-C9F2-F7A0608D360F</attributeRef>
</usedAttributes>
</identifier>
</identifiers>
</Entity>