<?xml version = '1.0' encoding = 'UTF-8'?>
<Entity class="oracle.dbtools.crest.model.design.logical.Entity" directorySegmentName="seg_0" id="67238939-C33D-F522-2D8A-AE0BE65D5E02" name="DIM_REGIAO">
<createdBy>Junior</createdBy>
<createdTime>2022-11-26 15:59:04 UTC</createdTime>
<ownerDesignName>SGV_LOGICO</ownerDesignName>
<engineerTo>
<item key="EF61DE2A-F13A-1648-CB6D-CDC78C7AC393" value="true"/>
</engineerTo>
<typeID>2</typeID>
<adequatelyNormalized>NO</adequatelyNormalized>
<expectedVolumes>0</expectedVolumes>
<fwdEngineeringStrategyName>Single Table</fwdEngineeringStrategyName>
<growthPercent>0</growthPercent>
<growthType>Year</growthType>
<maxVolumes>9999999</maxVolumes>
<minVolumes>0</minVolumes>
<normalForm>Third</normalForm>
<attributes itemClass="oracle.dbtools.crest.model.design.logical.Attribute">
<Attribute name="sk_regiao" id="757C8D72-775E-9155-4153-78E0CC03FB93">
<createdBy>Junior</createdBy>
<createdTime>2022-11-26 15:59:26 UTC</createdTime>
<comment><![CDATA[Essa coluna irá armazenar a chave Surrogate da tabela Dimensao Regiao. Campo numerico sequencial]]></comment>
<commentInRDBMS><![CDATA[Essa coluna irá armazenar a chave Surrogate da tabela Dimensao Regiao. Campo numerico sequencial]]></commentInRDBMS>
<ownerDesignName>SGV_LOGICO</ownerDesignName>
<engineerTo>
<item key="EF61DE2A-F13A-1648-CB6D-CDC78C7AC393" value="true"/>
</engineerTo>
<useDomainConstraints>false</useDomainConstraints>
<use>1</use>
<logicalDatatype>LOGDT019</logicalDatatype>
<dataTypePrecision>10</dataTypePrecision>
<ownDataTypeParameters>,10,</ownDataTypeParameters>
</Attribute>
<Attribute name="sg_estado" id="F783743B-EC09-4F13-1CE2-96F958314E53">
<createdBy>Junior</createdBy>
<createdTime>2022-11-26 16:00:06 UTC</createdTime>
<comment><![CDATA[Esta coluna ira receber a siga do Estado. Esse conteúdo é obrigatório.]]></comment>
<commentInRDBMS><![CDATA[Esta coluna ira receber a siga do Estado. Esse conteúdo é obrigatório.]]></commentInRDBMS>
<ownerDesignName>SGV_LOGICO</ownerDesignName>
<engineerTo>
<item key="EF61DE2A-F13A-1648-CB6D-CDC78C7AC393" value="true"/>
</engineerTo>
<useDomainConstraints>false</useDomainConstraints>
<use>1</use>
<logicalDatatype>LOGDT025</logicalDatatype>
<dataTypeSize>2</dataTypeSize>
<ownDataTypeParameters>2,,</ownDataTypeParameters>
</Attribute>
<Attribute name="nm_estado" id="F39DEE25-F6CC-6AA7-3AE1-19DC1C47B1D1">
<createdBy>Junior</createdBy>
<createdTime>2022-11-26 16:00:28 UTC</createdTime>
<comment><![CDATA[Esta coluna irá receber o nome do estado]]></comment>
<commentInRDBMS><![CDATA[Esta coluna irá receber o nome do estado]]></commentInRDBMS>
<ownerDesignName>SGV_LOGICO</ownerDesignName>
<engineerTo>
<item key="EF61DE2A-F13A-1648-CB6D-CDC78C7AC393" value="true"/>
</engineerTo>
<useDomainConstraints>false</useDomainConstraints>
<use>1</use>
<logicalDatatype>LOGDT024</logicalDatatype>
<dataTypeSize>30</dataTypeSize>
<ownDataTypeParameters>30,,</ownDataTypeParameters>
</Attribute>
<Attribute name="cd_cidade" id="898CF233-96AA-26B8-859A-EED86525C3E4">
<createdBy>Junior</createdBy>
<createdTime>2022-11-26 16:01:35 UTC</createdTime>
<comment><![CDATA[Esta coluna irá receber o codigo da cidade e seu conteúdo é obrigatório.]]></comment>
<commentInRDBMS><![CDATA[Esta coluna irá receber o codigo da cidade e seu conteúdo é obrigatório.]]></commentInRDBMS>
<ownerDesignName>SGV_LOGICO</ownerDesignName>
<engineerTo>
<item key="EF61DE2A-F13A-1648-CB6D-CDC78C7AC393" value="true"/>
</engineerTo>
<useDomainConstraints>false</useDomainConstraints>
<use>1</use>
<logicalDatatype>LOGDT019</logicalDatatype>
<dataTypePrecision>6</dataTypePrecision>
<ownDataTypeParameters>,6,</ownDataTypeParameters>
</Attribute>
<Attribute name="nm_cidade" id="C3406DEE-42E7-2036-404E-7A49AF1A79E5">
<createdBy>Junior</createdBy>
<createdTime>2022-11-26 16:00:49 UTC</createdTime>
<comment><![CDATA[Esta coluna ira receber o nome da Cidade. Esse conteúdo é obrigatório.]]></comment>
<commentInRDBMS><![CDATA[Esta coluna ira receber o nome da Cidade. Esse conteúdo é obrigatório.]]></commentInRDBMS>
<ownerDesignName>SGV_LOGICO</ownerDesignName>
<engineerTo>
<item key="EF61DE2A-F13A-1648-CB6D-CDC78C7AC393" value="true"/>
</engineerTo>
<useDomainConstraints>false</useDomainConstraints>
<use>1</use>
<logicalDatatype>LOGDT024</logicalDatatype>
<dataTypeSize>40</dataTypeSize>
<ownDataTypeParameters>40,,</ownDataTypeParameters>
</Attribute>
<Attribute name="cd_bairro" id="369BF8D5-E9CF-BCD6-A526-F86BA895471A">
<createdBy>Junior</createdBy>
<createdTime>2022-11-26 16:02:11 UTC</createdTime>
<comment><![CDATA[Esta coluna irá receber o codigo do bairro e seu conteúdo é obrigatório.]]></comment>
<commentInRDBMS><![CDATA[Esta coluna irá receber o codigo do bairro e seu conteúdo é obrigatório.]]></commentInRDBMS>
<ownerDesignName>SGV_LOGICO</ownerDesignName>
<engineerTo>
<item key="EF61DE2A-F13A-1648-CB6D-CDC78C7AC393" value="true"/>
</engineerTo>
<useDomainConstraints>false</useDomainConstraints>
<use>1</use>
<logicalDatatype>LOGDT019</logicalDatatype>
<dataTypePrecision>6</dataTypePrecision>
<ownDataTypeParameters>,6,</ownDataTypeParameters>
</Attribute>
<Attribute name="nm_bairro" id="9BE761DF-084B-E514-318D-067B08B59E95">
<createdBy>Junior</createdBy>
<createdTime>2022-11-26 16:01:22 UTC</createdTime>
<comment><![CDATA[Esta coluna ira receber o nome do Bairro. Esse conteúdo é obrigatório.]]></comment>
<commentInRDBMS><![CDATA[Esta coluna ira receber o nome do Bairro. Esse conteúdo é obrigatório.]]></commentInRDBMS>
<ownerDesignName>SGV_LOGICO</ownerDesignName>
<engineerTo>
<item key="EF61DE2A-F13A-1648-CB6D-CDC78C7AC393" value="true"/>
</engineerTo>
<useDomainConstraints>false</useDomainConstraints>
<use>1</use>
<logicalDatatype>LOGDT024</logicalDatatype>
<dataTypeSize>40</dataTypeSize>
<ownDataTypeParameters>40,,</ownDataTypeParameters>
</Attribute>
</attributes>
<identifiers itemClass="oracle.dbtools.crest.model.design.logical.CandidateKey">
<identifier id="908A18CB-58E3-3867-FF35-D9633D2EF3CC" name="SK_REGIAO">
<createdBy>Junior</createdBy>
<createdTime>2022-11-26 16:07:09 UTC</createdTime>
<ownerDesignName>SGV_LOGICO</ownerDesignName>
<shouldEngineer>false</shouldEngineer>
<engineerTo>
<item key="EF61DE2A-F13A-1648-CB6D-CDC78C7AC393" value="false"/>
</engineerTo>
<pk>true</pk>
<newElementsIDs>757C8D72-775E-9155-4153-78E0CC03FB93</newElementsIDs>
<usedAttributes>
<attributeRef>757C8D72-775E-9155-4153-78E0CC03FB93</attributeRef>
</usedAttributes>
</identifier>
</identifiers>
</Entity>