<?xml version = '1.0' encoding = 'UTF-8'?>
<Entity class="oracle.dbtools.crest.model.design.logical.Entity" directorySegmentName="seg_0" id="7401C50C-A705-BFB9-AD0A-525AA4112712" name="DIM_PRODUTO">
<createdBy>Junior</createdBy>
<createdTime>2022-11-23 17:42:56 UTC</createdTime>
<ownerDesignName>SGV_LOGICO</ownerDesignName>
<engineerTo>
<item key="EF61DE2A-F13A-1648-CB6D-CDC78C7AC393" value="true"/>
</engineerTo>
<typeID>2</typeID>
<adequatelyNormalized>NO</adequatelyNormalized>
<expectedVolumes>0</expectedVolumes>
<fwdEngineeringStrategyName>Single Table</fwdEngineeringStrategyName>
<growthPercent>0</growthPercent>
<growthType>Year</growthType>
<maxVolumes>9999999</maxVolumes>
<minVolumes>0</minVolumes>
<normalForm>Third</normalForm>
<attributes itemClass="oracle.dbtools.crest.model.design.logical.Attribute">
<Attribute name="sk_produto" id="DF4F8AF7-5BDB-E31B-D5C1-E810E82FAC3A">
<createdBy>Junior</createdBy>
<createdTime>2022-11-23 17:45:05 UTC</createdTime>
<comment><![CDATA[Essa coluna irá armazenar a chave Surrogate da tabela Dimensao Produto. Campo numerico sequencial]]></comment>
<commentInRDBMS><![CDATA[Essa coluna irá armazenar a chave Surrogate da tabela Dimensao Produto. Campo numerico sequencial]]></commentInRDBMS>
<ownerDesignName>SGV_LOGICO</ownerDesignName>
<engineerTo>
<item key="EF61DE2A-F13A-1648-CB6D-CDC78C7AC393" value="true"/>
</engineerTo>
<useDomainConstraints>false</useDomainConstraints>
<use>1</use>
<logicalDatatype>LOGDT019</logicalDatatype>
<dataTypePrecision>10</dataTypePrecision>
<ownDataTypeParameters>,10,</ownDataTypeParameters>
</Attribute>
<Attribute name="cd_produto" id="C4E151CF-29E2-CEA3-4042-31123FA9C237">
<createdBy>Junior</createdBy>
<createdTime>2022-11-26 16:08:23 UTC</createdTime>
<comment><![CDATA[Essa coluna irá armazenar a chave primária da tabela de produtos da Melhores Compras.]]></comment>
<commentInRDBMS><![CDATA[Essa coluna irá armazenar a chave primária da tabela de produtos da Melhores Compras.]]></commentInRDBMS>
<ownerDesignName>SGV_LOGICO</ownerDesignName>
<engineerTo>
<item key="EF61DE2A-F13A-1648-CB6D-CDC78C7AC393" value="true"/>
</engineerTo>
<useDomainConstraints>false</useDomainConstraints>
<use>1</use>
<logicalDatatype>LOGDT019</logicalDatatype>
<dataTypePrecision>6</dataTypePrecision>
<ownDataTypeParameters>,6,</ownDataTypeParameters>
</Attribute>
<Attribute name="ds_produto" id="1087139A-6D68-F930-445D-37D3E0EE9C16">
<createdBy>Junior</createdBy>
<createdTime>2022-11-23 17:45:42 UTC</createdTime>
<comment><![CDATA[Essa coluna irá armazenar a descrição principal do produto. Seu conteúdo deve ser  obrigatorio.]]></comment>
<commentInRDBMS><![CDATA[Essa coluna irá armazenar a descrição principal do produto. Seu conteúdo deve ser  obrigatorio.]]></commentInRDBMS>
<ownerDesignName>SGV_LOGICO</ownerDesignName>
<engineerTo>
<item key="EF61DE2A-F13A-1648-CB6D-CDC78C7AC393" value="true"/>
</engineerTo>
<useDomainConstraints>false</useDomainConstraints>
<use>1</use>
<logicalDatatype>LOGDT024</logicalDatatype>
<dataTypeSize>50</dataTypeSize>
<ownDataTypeParameters>50,,</ownDataTypeParameters>
</Attribute>
<Attribute name="cd_cat" id="6378183F-EAAE-BE2A-D269-4F8155D6999C">
<createdBy>Junior</createdBy>
<createdTime>2022-11-26 16:08:40 UTC</createdTime>
<comment><![CDATA[Essa coluna irá armazenar a chave primária da tabela de categoria de produtos da Melhores Compras.]]></comment>
<commentInRDBMS><![CDATA[Essa coluna irá armazenar a chave primária da tabela de categoria de produtos da Melhores Compras.]]></commentInRDBMS>
<ownerDesignName>SGV_LOGICO</ownerDesignName>
<engineerTo>
<item key="EF61DE2A-F13A-1648-CB6D-CDC78C7AC393" value="true"/>
</engineerTo>
<useDomainConstraints>false</useDomainConstraints>
<use>1</use>
<logicalDatatype>LOGDT019</logicalDatatype>
<ownDataTypeParameters>,,</ownDataTypeParameters>
</Attribute>
<Attribute name="tp_categoria" id="650BA0CB-2CAD-96FF-DBBD-6E31FF152420">
<createdBy>Junior</createdBy>
<createdTime>2022-11-23 17:46:07 UTC</createdTime>
<comment><![CDATA[Nessa  coluna  será  armazenada o tipo de categoria que poderá  ser (V)ídeo ou (P)rodudto. Seu conteúdo deve ser obrigatório.]]></comment>
<commentInRDBMS><![CDATA[Nessa  coluna  será  armazenada o tipo de categoria que poderá  ser (V)ídeo ou (P)rodudto. Seu conteúdo deve ser obrigatório.]]></commentInRDBMS>
<ownerDesignName>SGV_LOGICO</ownerDesignName>
<engineerTo>
<item key="EF61DE2A-F13A-1648-CB6D-CDC78C7AC393" value="true"/>
</engineerTo>
<useDomainConstraints>false</useDomainConstraints>
<use>1</use>
<logicalDatatype>LOGDT025</logicalDatatype>
<dataTypeSize>1</dataTypeSize>
<ownDataTypeParameters>1,,</ownDataTypeParameters>
</Attribute>
<Attribute name="ds_categoria" id="5C4214D8-A182-41E3-FE56-A73B8178D775">
<createdBy>Junior</createdBy>
<createdTime>2022-11-27 14:29:24 UTC</createdTime>
<comment><![CDATA[Essa coluna irá armazenar descrição da categoria de produtos da Melhores Compras. Cada categoria tem uma  descrição única e serve para organizar os produtos em categorias simliares, melhorando a tomada de decisão.]]></comment>
<commentInRDBMS><![CDATA[Essa coluna irá armazenar descrição da categoria de produtos da Melhores Compras. Cada categoria tem uma  descrição única e serve para organizar os produtos em categorias simliares, melhorando a tomada de decisão.]]></commentInRDBMS>
<ownerDesignName>SGV_LOGICO</ownerDesignName>
<engineerTo>
<item key="EF61DE2A-F13A-1648-CB6D-CDC78C7AC393" value="true"/>
</engineerTo>
<useDomainConstraints>false</useDomainConstraints>
<use>1</use>
<logicalDatatype>LOGDT024</logicalDatatype>
<dataTypeSize>500</dataTypeSize>
<ownDataTypeParameters>500,,</ownDataTypeParameters>
</Attribute>
<Attribute name="st_categoria" id="E6D3CD9A-FC6A-8654-CF5B-15154BB03238">
<createdBy>Junior</createdBy>
<createdTime>2022-11-27 14:54:29 UTC</createdTime>
<comment><![CDATA[Essa coluna irá armazenar o stauts da categoria da Melhores Compras. Os valores permitidos aqui são: A(tivo) e I(nativo).]]></comment>
<commentInRDBMS><![CDATA[Essa coluna irá armazenar o stauts da categoria da Melhores Compras. Os valores permitidos aqui são: A(tivo) e I(nativo).]]></commentInRDBMS>
<ownerDesignName>SGV_LOGICO</ownerDesignName>
<engineerTo>
<item key="EF61DE2A-F13A-1648-CB6D-CDC78C7AC393" value="true"/>
</engineerTo>
<useDomainConstraints>false</useDomainConstraints>
<use>1</use>
<logicalDatatype>LOGDT025</logicalDatatype>
<dataTypeSize>1</dataTypeSize>
<ownDataTypeParameters>1,,</ownDataTypeParameters>
</Attribute>
<Attribute name="vl_unitario" id="11178D90-C83D-9054-0C1F-285AF6527AC7">
<createdBy>Junior</createdBy>
<createdTime>2022-11-27 14:21:23 UTC</createdTime>
<comment><![CDATA[Essa coluna irá armazenar o valor unitário do produto. Seu conteúdo deve ser > 0 ]]></comment>
<commentInRDBMS><![CDATA[Essa coluna irá armazenar o valor unitário do produto. Seu conteúdo deve ser > 0 ]]></commentInRDBMS>
<ownerDesignName>SGV_LOGICO</ownerDesignName>
<engineerTo>
<item key="EF61DE2A-F13A-1648-CB6D-CDC78C7AC393" value="true"/>
</engineerTo>
<useDomainConstraints>false</useDomainConstraints>
<use>1</use>
<logicalDatatype>LOGDT019</logicalDatatype>
<dataTypePrecision>8</dataTypePrecision>
<dataTypeScale>2</dataTypeScale>
<ownDataTypeParameters>,8,2</ownDataTypeParameters>
</Attribute>
<Attribute name="tp_embalagem" id="18333A4F-450C-C070-DC3E-50539C6E3AE4">
<createdBy>Junior</createdBy>
<createdTime>2022-11-27 14:21:54 UTC</createdTime>
<comment><![CDATA[Essa coluna irá armazenar o tipo de embalagem do produto. Seu conteúdo pode ser opcional.]]></comment>
<commentInRDBMS><![CDATA[Essa coluna irá armazenar o tipo de embalagem do produto. Seu conteúdo pode ser opcional.]]></commentInRDBMS>
<ownerDesignName>SGV_LOGICO</ownerDesignName>
<engineerTo>
<item key="EF61DE2A-F13A-1648-CB6D-CDC78C7AC393" value="true"/>
</engineerTo>
<nullsAllowed>true</nullsAllowed>
<useDomainConstraints>false</useDomainConstraints>
<use>1</use>
<logicalDatatype>LOGDT024</logicalDatatype>
<dataTypeSize>15</dataTypeSize>
<ownDataTypeParameters>15,,</ownDataTypeParameters>
</Attribute>
<Attribute name="st_produto" id="D79E330C-F7C6-C663-34B8-488B7201FB3E">
<createdBy>Junior</createdBy>
<createdTime>2022-11-27 14:22:16 UTC</createdTime>
<comment><![CDATA[Essa coluna irá armazenar o stauts do produto da Melhorees Compras. Os valores permitidos aqui são: A(tivo) e I(nativo).]]></comment>
<commentInRDBMS><![CDATA[Essa coluna irá armazenar o stauts do produto da Melhorees Compras. Os valores permitidos aqui são: A(tivo) e I(nativo).]]></commentInRDBMS>
<ownerDesignName>SGV_LOGICO</ownerDesignName>
<engineerTo>
<item key="EF61DE2A-F13A-1648-CB6D-CDC78C7AC393" value="true"/>
</engineerTo>
<nullsAllowed>true</nullsAllowed>
<useDomainConstraints>false</useDomainConstraints>
<use>1</use>
<logicalDatatype>LOGDT025</logicalDatatype>
<dataTypeSize>1</dataTypeSize>
<ownDataTypeParameters>1,,</ownDataTypeParameters>
</Attribute>
<Attribute name="vl_perc_lucro" id="FF8E1FE5-5B56-A860-D8AD-23E93D326E59">
<createdBy>Junior</createdBy>
<createdTime>2022-11-27 14:22:43 UTC</createdTime>
<comment><![CDATA[Essa coluna irá armazenar o percentual  do lucro médio para cada produto. Seu conteúdo deve ser opcional.]]></comment>
<commentInRDBMS><![CDATA[Essa coluna irá armazenar o percentual  do lucro médio para cada produto. Seu conteúdo deve ser opcional.]]></commentInRDBMS>
<ownerDesignName>SGV_LOGICO</ownerDesignName>
<engineerTo>
<item key="EF61DE2A-F13A-1648-CB6D-CDC78C7AC393" value="true"/>
</engineerTo>
<nullsAllowed>true</nullsAllowed>
<useDomainConstraints>false</useDomainConstraints>
<use>1</use>
<logicalDatatype>LOGDT019</logicalDatatype>
<dataTypePrecision>8</dataTypePrecision>
<dataTypeScale>2</dataTypeScale>
<ownDataTypeParameters>,8,2</ownDataTypeParameters>
</Attribute>
<Attribute name="ds_completa_prod" id="DBBD0A71-8493-0966-B071-B1134F9CF9C4">
<createdBy>Junior</createdBy>
<createdTime>2022-11-27 14:23:19 UTC</createdTime>
<comment><![CDATA[Essa coluna irá armazenar a descrição completa do produto. Seu conteúdo deve ser  obrigatorio.]]></comment>
<commentInRDBMS><![CDATA[Essa coluna irá armazenar a descrição completa do produto. Seu conteúdo deve ser  obrigatorio.]]></commentInRDBMS>
<ownerDesignName>SGV_LOGICO</ownerDesignName>
<engineerTo>
<item key="EF61DE2A-F13A-1648-CB6D-CDC78C7AC393" value="true"/>
</engineerTo>
<useDomainConstraints>false</useDomainConstraints>
<use>1</use>
<logicalDatatype>LOGDT024</logicalDatatype>
<dataTypeSize>4000</dataTypeSize>
<ownDataTypeParameters>4000,,</ownDataTypeParameters>
</Attribute>
</attributes>
<identifiers itemClass="oracle.dbtools.crest.model.design.logical.CandidateKey">
<identifier id="452FC3A0-E4F3-2F8C-1AAB-C5FFF5179E80" name="SK_PRODUTO">
<createdBy>Junior</createdBy>
<createdTime>2022-11-23 17:45:36 UTC</createdTime>
<ownerDesignName>SGV_LOGICO</ownerDesignName>
<shouldEngineer>false</shouldEngineer>
<engineerTo>
<item key="EF61DE2A-F13A-1648-CB6D-CDC78C7AC393" value="false"/>
</engineerTo>
<pk>true</pk>
<newElementsIDs>DF4F8AF7-5BDB-E31B-D5C1-E810E82FAC3A</newElementsIDs>
<usedAttributes>
<attributeRef>DF4F8AF7-5BDB-E31B-D5C1-E810E82FAC3A</attributeRef>
</usedAttributes>
</identifier>
</identifiers>
</Entity>