<?xml version = '1.0' encoding = 'UTF-8'?>
<Entity class="oracle.dbtools.crest.model.design.logical.Entity" directorySegmentName="seg_0" id="B154EE9E-8275-FB34-2AE0-BAD130B0EC0F" name="DIM_CLIENTE">
<createdBy>Junior</createdBy>
<createdTime>2022-11-23 17:43:16 UTC</createdTime>
<ownerDesignName>SGV_LOGICO</ownerDesignName>
<engineerTo>
<item key="EF61DE2A-F13A-1648-CB6D-CDC78C7AC393" value="true"/>
</engineerTo>
<typeID>2</typeID>
<adequatelyNormalized>NO</adequatelyNormalized>
<expectedVolumes>0</expectedVolumes>
<fwdEngineeringStrategyName>Single Table</fwdEngineeringStrategyName>
<growthPercent>0</growthPercent>
<growthType>Year</growthType>
<maxVolumes>9999999</maxVolumes>
<minVolumes>0</minVolumes>
<normalForm>Third</normalForm>
<attributes itemClass="oracle.dbtools.crest.model.design.logical.Attribute">
<Attribute name="sk_cliente" id="5CD6456F-775C-20AC-39B9-505CE635CD66">
<createdBy>Junior</createdBy>
<createdTime>2022-11-23 17:48:25 UTC</createdTime>
<commentInRDBMS><![CDATA[Essa coluna irá armazenar a chave Surrogate da tabela Dimensao Cliente. Campo numerico sequencial]]></commentInRDBMS>
<ownerDesignName>SGV_LOGICO</ownerDesignName>
<engineerTo>
<item key="EF61DE2A-F13A-1648-CB6D-CDC78C7AC393" value="true"/>
</engineerTo>
<useDomainConstraints>false</useDomainConstraints>
<use>1</use>
<logicalDatatype>LOGDT019</logicalDatatype>
<dataTypePrecision>10</dataTypePrecision>
<ownDataTypeParameters>,10,</ownDataTypeParameters>
</Attribute>
<Attribute name="nr_cliente" id="9A1AB09D-CCCF-5EDA-2498-11E9050086DC">
<createdBy>Junior</createdBy>
<createdTime>2022-11-23 17:48:55 UTC</createdTime>
<comment><![CDATA[Essa coluna irá armazenar o código único do cliente na plataforma ecommerce da Melhores Compras. Seu conteúdo deve ser obrigatório]]></comment>
<commentInRDBMS><![CDATA[Essa coluna irá armazenar o código único do cliente na plataforma ecommerce da Melhores Compras. Seu conteúdo deve ser obrigatório]]></commentInRDBMS>
<ownerDesignName>SGV_LOGICO</ownerDesignName>
<engineerTo>
<item key="EF61DE2A-F13A-1648-CB6D-CDC78C7AC393" value="true"/>
</engineerTo>
<useDomainConstraints>false</useDomainConstraints>
<use>1</use>
<logicalDatatype>LOGDT019</logicalDatatype>
<dataTypePrecision>10</dataTypePrecision>
<ownDataTypeParameters>,10,</ownDataTypeParameters>
</Attribute>
<Attribute name="nm_cliente" id="74879A6E-D5C5-BE62-2D73-729C3044CCA1">
<createdBy>Junior</createdBy>
<createdTime>2022-11-23 17:50:01 UTC</createdTime>
<comment><![CDATA[Essa coluna irá armazenar o nome do cliente na plataforma ecommerce da Melhores Compras. Seu conteúdo deve ser obrigatório.]]></comment>
<commentInRDBMS><![CDATA[Essa coluna irá armazenar o nome do cliente na plataforma ecommerce da Melhores Compras. Seu conteúdo deve ser obrigatório.]]></commentInRDBMS>
<ownerDesignName>SGV_LOGICO</ownerDesignName>
<engineerTo>
<item key="EF61DE2A-F13A-1648-CB6D-CDC78C7AC393" value="true"/>
</engineerTo>
<useDomainConstraints>false</useDomainConstraints>
<use>1</use>
<logicalDatatype>LOGDT024</logicalDatatype>
<dataTypeSize>80</dataTypeSize>
<ownDataTypeParameters>80,,</ownDataTypeParameters>
</Attribute>
<Attribute name="qt_estrelas" id="01EEB621-F1F0-C9BF-DED9-FF10AF1F0774">
<createdBy>Junior</createdBy>
<createdTime>2022-11-27 14:46:06 UTC</createdTime>
<comment><![CDATA[Essa coluna irá armazenar a quantiade de estrelas do cliente na plataforma ecommerce da Melhores Compras.Seu conteúdo deve ser obrigatório e ser possível de estar entre 1 e 5 estrelas.]]></comment>
<commentInRDBMS><![CDATA[Essa coluna irá armazenar a quantiade de estrelas do cliente na plataforma ecommerce da Melhores Compras.Seu conteúdo deve ser obrigatório e ser possível de estar entre 1 e 5 estrelas.]]></commentInRDBMS>
<ownerDesignName>SGV_LOGICO</ownerDesignName>
<engineerTo>
<item key="EF61DE2A-F13A-1648-CB6D-CDC78C7AC393" value="true"/>
</engineerTo>
<nullsAllowed>true</nullsAllowed>
<useDomainConstraints>false</useDomainConstraints>
<use>1</use>
<logicalDatatype>LOGDT019</logicalDatatype>
<dataTypePrecision>1</dataTypePrecision>
<ownDataTypeParameters>,1,</ownDataTypeParameters>
</Attribute>
<Attribute name="tp_cliente_fisica_juridica" id="B8464B2A-77D2-8ED6-50EB-38F3306EAD8A">
<createdBy>Junior</createdBy>
<createdTime>2022-11-24 22:52:36 UTC</createdTime>
<comment><![CDATA[Essa coluna irá armazenar o status de tipo de cliente da Melhores Compras. Campo de escolha de 1 Caracter
Cliente Pessoa Fisica (F)
Cliente Juridico (J)]]></comment>
<commentInRDBMS><![CDATA[Essa coluna irá armazenar o status de tipo de cliente da Melhores Compras. Campo de escolha de 1 Caracter
Cliente Pessoa Fisica (F)
Cliente Juridico (J)]]></commentInRDBMS>
<ownerDesignName>SGV_LOGICO</ownerDesignName>
<engineerTo>
<item key="EF61DE2A-F13A-1648-CB6D-CDC78C7AC393" value="true"/>
</engineerTo>
<useDomainConstraints>false</useDomainConstraints>
<use>1</use>
<logicalDatatype>LOGDT025</logicalDatatype>
<dataTypeSize>1</dataTypeSize>
<ownDataTypeParameters>1,,</ownDataTypeParameters>
</Attribute>
<Attribute name="nr_cpf" id="1B03A63E-22E6-BFD5-728F-D6417654F3D1">
<createdBy>Junior</createdBy>
<createdTime>2022-11-23 17:50:51 UTC</createdTime>
<comment><![CDATA[Essa coluna irá armazenar o número do CPF do cliente na plataforma ecommerce da Melhores Compras.Seu conteúdo deve ser obrigatório caso cliente fisico.]]></comment>
<commentInRDBMS><![CDATA[Essa coluna irá armazenar o número do CPF do cliente na plataforma ecommerce da Melhores Compras.Seu conteúdo deve ser obrigatório caso cliente fisico.]]></commentInRDBMS>
<ownerDesignName>SGV_LOGICO</ownerDesignName>
<engineerTo>
<item key="EF61DE2A-F13A-1648-CB6D-CDC78C7AC393" value="true"/>
</engineerTo>
<nullsAllowed>true</nullsAllowed>
<useDomainConstraints>false</useDomainConstraints>
<use>1</use>
<logicalDatatype>LOGDT019</logicalDatatype>
<dataTypePrecision>11</dataTypePrecision>
<ownDataTypeParameters>,11,</ownDataTypeParameters>
</Attribute>
<Attribute name="dt_nascimento" id="496044ED-8DEC-72EE-2A10-65559BD8D925">
<createdBy>Junior</createdBy>
<createdTime>2022-11-24 23:00:21 UTC</createdTime>
<comment><![CDATA[Essa coluna irá armazenar a data de nascimento do cliente na plataforma ecommerce da Melhores Compras.Seu conteúdo deve ser obrigatório caso cliente fisico]]></comment>
<commentInRDBMS><![CDATA[Essa coluna irá armazenar a data de nascimento do cliente na plataforma ecommerce da Melhores Compras.Seu conteúdo deve ser obrigatório caso cliente fisico]]></commentInRDBMS>
<ownerDesignName>SGV_LOGICO</ownerDesignName>
<engineerTo>
<item key="EF61DE2A-F13A-1648-CB6D-CDC78C7AC393" value="true"/>
</engineerTo>
<nullsAllowed>true</nullsAllowed>
<useDomainConstraints>false</useDomainConstraints>
<use>1</use>
<logicalDatatype>LOGDT007</logicalDatatype>
<ownDataTypeParameters>,,</ownDataTypeParameters>
</Attribute>
<Attribute name="nr_cnpj" id="6B84F228-CD07-91DC-349C-CA99F8840097">
<createdBy>Junior</createdBy>
<createdTime>2022-11-24 22:57:38 UTC</createdTime>
<comment><![CDATA[Essa coluna irá armazenar o  numero do CNPJ do cliente na plataforma ecommerce da Melhores Compras.Seu conteúdo deve ser obrigatório caso cliente juridico]]></comment>
<commentInRDBMS><![CDATA[Essa coluna irá armazenar o  numero do CNPJ do cliente na plataforma ecommerce da Melhores Compras.Seu conteúdo deve ser obrigatório caso cliente juridico]]></commentInRDBMS>
<ownerDesignName>SGV_LOGICO</ownerDesignName>
<engineerTo>
<item key="EF61DE2A-F13A-1648-CB6D-CDC78C7AC393" value="true"/>
</engineerTo>
<nullsAllowed>true</nullsAllowed>
<useDomainConstraints>false</useDomainConstraints>
<use>1</use>
<logicalDatatype>LOGDT019</logicalDatatype>
<dataTypePrecision>14</dataTypePrecision>
<ownDataTypeParameters>,14,</ownDataTypeParameters>
</Attribute>
<Attribute name="nr_inscr_est" id="7E176DAF-4B54-2106-1CB4-C4F328961504">
<createdBy>Junior</createdBy>
<createdTime>2022-11-27 14:48:57 UTC</createdTime>
<comment><![CDATA[Essa coluna irá armazenar o  numero da Inscrição Estadual  do cliente na plataforma ecommerce da Melhores Compras.Seu conteúdo deve ser opcional]]></comment>
<commentInRDBMS><![CDATA[Essa coluna irá armazenar o  numero da Inscrição Estadual  do cliente na plataforma ecommerce da Melhores Compras.Seu conteúdo deve ser opcional]]></commentInRDBMS>
<ownerDesignName>SGV_LOGICO</ownerDesignName>
<engineerTo>
<item key="EF61DE2A-F13A-1648-CB6D-CDC78C7AC393" value="true"/>
</engineerTo>
<nullsAllowed>true</nullsAllowed>
<useDomainConstraints>false</useDomainConstraints>
<use>1</use>
<logicalDatatype>LOGDT024</logicalDatatype>
<dataTypeSize>15</dataTypeSize>
<ownDataTypeParameters>15,,</ownDataTypeParameters>
</Attribute>
<Attribute name="dt_fundacao" id="4AAB45BE-9AB0-5020-00A3-4B12551225C5">
<createdBy>Junior</createdBy>
<createdTime>2022-11-27 14:34:48 UTC</createdTime>
<commentInRDBMS><![CDATA[Essa coluna irá armazenar data  de fundação do cliente na plataforma ecommerce da Melhores Compras.Seu conteúdo deve ser obrigatório caso cliente juridico]]></commentInRDBMS>
<ownerDesignName>SGV_LOGICO</ownerDesignName>
<engineerTo>
<item key="EF61DE2A-F13A-1648-CB6D-CDC78C7AC393" value="true"/>
</engineerTo>
<nullsAllowed>true</nullsAllowed>
<useDomainConstraints>false</useDomainConstraints>
<use>1</use>
<logicalDatatype>LOGDT007</logicalDatatype>
<ownDataTypeParameters>,,</ownDataTypeParameters>
</Attribute>
<Attribute name="fl_sexo_biologico" id="0680AB4F-14EE-B2D8-0F6A-B7E927DF3DE7">
<createdBy>Junior</createdBy>
<createdTime>2022-11-27 14:44:24 UTC</createdTime>
<comment><![CDATA[Essa coluna irá armazenar o sexo biológico do cliente na plataforma ecommerce da Melhores Compras.Seu conteúdo deve ser obrigatório. Campo escolha de 1 caracteres.

Feminino (F)
Masculino (M)
]]></comment>
<commentInRDBMS><![CDATA[Essa coluna irá armazenar o sexo biológico do cliente na plataforma ecommerce da Melhores Compras.Seu conteúdo deve ser obrigatório. Campo escolha de 1 caracteres.

Feminino (F)
Masculino (M)
]]></commentInRDBMS>
<ownerDesignName>SGV_LOGICO</ownerDesignName>
<engineerTo>
<item key="EF61DE2A-F13A-1648-CB6D-CDC78C7AC393" value="true"/>
</engineerTo>
<nullsAllowed>true</nullsAllowed>
<useDomainConstraints>false</useDomainConstraints>
<use>1</use>
<logicalDatatype>LOGDT025</logicalDatatype>
<dataTypeSize>1</dataTypeSize>
<ownDataTypeParameters>1,,</ownDataTypeParameters>
</Attribute>
<Attribute name="ds_genero" id="6FB35A50-37E6-B89B-9C8B-4E340DE34760">
<createdBy>Junior</createdBy>
<createdTime>2022-11-23 17:51:43 UTC</createdTime>
<comment><![CDATA[Genero do sexo do Cliente. Seu conteúdo deve ser obrigatório.]]></comment>
<commentInRDBMS><![CDATA[Genero do sexo do Cliente. Seu conteúdo deve ser obrigatório.]]></commentInRDBMS>
<ownerDesignName>SGV_LOGICO</ownerDesignName>
<engineerTo>
<item key="EF61DE2A-F13A-1648-CB6D-CDC78C7AC393" value="true"/>
</engineerTo>
<nullsAllowed>true</nullsAllowed>
<useDomainConstraints>false</useDomainConstraints>
<use>1</use>
<logicalDatatype>LOGDT024</logicalDatatype>
<dataTypeSize>20</dataTypeSize>
<ownDataTypeParameters>20,,</ownDataTypeParameters>
</Attribute>
<Attribute name="dt_inicio_endereco" id="BDFBD97B-C607-7364-8C85-D366E359C1D3">
<createdBy>Junior</createdBy>
<createdTime>2022-11-26 16:37:40 UTC</createdTime>
<comment><![CDATA[Data de início do endereço associado ao cliente.
Campo alimentado pela tabela T_MC_END_CLI]]></comment>
<commentInRDBMS><![CDATA[Data de início do endereço associado ao cliente.
Campo alimentado pela tabela T_MC_END_CLI]]></commentInRDBMS>
<ownerDesignName>SGV_LOGICO</ownerDesignName>
<engineerTo>
<item key="EF61DE2A-F13A-1648-CB6D-CDC78C7AC393" value="true"/>
</engineerTo>
<useDomainConstraints>false</useDomainConstraints>
<use>1</use>
<logicalDatatype>LOGDT007</logicalDatatype>
<ownDataTypeParameters>,,</ownDataTypeParameters>
</Attribute>
<Attribute name="vl_medio_compra" id="876D2253-E6C9-8219-B82A-5A5B1A2904DA">
<createdBy>Junior</createdBy>
<createdTime>2022-11-27 14:46:30 UTC</createdTime>
<comment><![CDATA[Essa coluna irá armazenar o valor  médio de gastos f eito pelo cliente na plataforma ecommerce da Melhores Compras.Seu conteúdo deve ser obrigatório e deve ser calculado diariamente.]]></comment>
<commentInRDBMS><![CDATA[Essa coluna irá armazenar o valor  médio de gastos f eito pelo cliente na plataforma ecommerce da Melhores Compras.Seu conteúdo deve ser obrigatório e deve ser calculado diariamente.]]></commentInRDBMS>
<ownerDesignName>SGV_LOGICO</ownerDesignName>
<engineerTo>
<item key="EF61DE2A-F13A-1648-CB6D-CDC78C7AC393" value="true"/>
</engineerTo>
<nullsAllowed>true</nullsAllowed>
<useDomainConstraints>false</useDomainConstraints>
<use>1</use>
<logicalDatatype>LOGDT019</logicalDatatype>
<dataTypePrecision>10</dataTypePrecision>
<dataTypeScale>2</dataTypeScale>
<ownDataTypeParameters>,10,2</ownDataTypeParameters>
</Attribute>
<Attribute name="nr_telefone" id="0EF48C3C-2FD3-0727-08F1-9768AE20AF43">
<createdBy>Junior</createdBy>
<createdTime>2022-11-27 14:50:21 UTC</createdTime>
<comment><![CDATA[Essa coluna irá armazenar o número do cliente da Melhorees Compras. A mascara de armazenamento deve ser: (<nr_ddd>) 99999-9999 e  deve ser utilizada pré definida.]]></comment>
<commentInRDBMS><![CDATA[Essa coluna irá armazenar o número do cliente da Melhorees Compras. A mascara de armazenamento deve ser: (<nr_ddd>) 99999-9999 e  deve ser utilizada pré definida.]]></commentInRDBMS>
<ownerDesignName>SGV_LOGICO</ownerDesignName>
<engineerTo>
<item key="EF61DE2A-F13A-1648-CB6D-CDC78C7AC393" value="true"/>
</engineerTo>
<nullsAllowed>true</nullsAllowed>
<useDomainConstraints>false</useDomainConstraints>
<use>1</use>
<logicalDatatype>LOGDT024</logicalDatatype>
<dataTypeSize>20</dataTypeSize>
<ownDataTypeParameters>20,,</ownDataTypeParameters>
</Attribute>
<Attribute name="nm_login" id="D6385627-83F6-B198-C915-FD378C2567A7">
<createdBy>Junior</createdBy>
<createdTime>2022-11-27 14:47:05 UTC</createdTime>
<comment><![CDATA[Essa coluna irá armazenar o login de cada cliente na plataforma ecommerce da Melhores Compras. Seu conteúdo deve ser obrigatório e  único para cada cliente.]]></comment>
<commentInRDBMS><![CDATA[Essa coluna irá armazenar o login de cada cliente na plataforma ecommerce da Melhores Compras. Seu conteúdo deve ser obrigatório e  único para cada cliente.]]></commentInRDBMS>
<ownerDesignName>SGV_LOGICO</ownerDesignName>
<engineerTo>
<item key="EF61DE2A-F13A-1648-CB6D-CDC78C7AC393" value="true"/>
</engineerTo>
<useDomainConstraints>false</useDomainConstraints>
<use>1</use>
<logicalDatatype>LOGDT024</logicalDatatype>
<dataTypeSize>50</dataTypeSize>
<ownDataTypeParameters>50,,</ownDataTypeParameters>
</Attribute>
<Attribute name="ds_senha" id="59393DDC-3A0A-9C10-4F38-403E0D867E60">
<createdBy>Junior</createdBy>
<createdTime>2022-11-27 14:47:19 UTC</createdTime>
<comment><![CDATA[Essa coluna irá armazenar a senha de cada cliente na plataforma ecommerce da Melhores Compras.Seu conteúdo deve ser obrigatório.]]></comment>
<commentInRDBMS><![CDATA[Essa coluna irá armazenar a senha de cada cliente na plataforma ecommerce da Melhores Compras.Seu conteúdo deve ser obrigatório.]]></commentInRDBMS>
<ownerDesignName>SGV_LOGICO</ownerDesignName>
<engineerTo>
<item key="EF61DE2A-F13A-1648-CB6D-CDC78C7AC393" value="true"/>
</engineerTo>
<useDomainConstraints>false</useDomainConstraints>
<use>1</use>
<logicalDatatype>LOGDT024</logicalDatatype>
<dataTypeSize>50</dataTypeSize>
<ownDataTypeParameters>50,,</ownDataTypeParameters>
</Attribute>
</attributes>
<identifiers itemClass="oracle.dbtools.crest.model.design.logical.CandidateKey">
<identifier id="7A8E5B5E-A954-8971-8156-843C094B7666" name="SK_CLIENTE">
<createdBy>Junior</createdBy>
<createdTime>2022-11-23 17:48:43 UTC</createdTime>
<ownerDesignName>SGV_LOGICO</ownerDesignName>
<shouldEngineer>false</shouldEngineer>
<engineerTo>
<item key="EF61DE2A-F13A-1648-CB6D-CDC78C7AC393" value="false"/>
</engineerTo>
<pk>true</pk>
<newElementsIDs>5CD6456F-775C-20AC-39B9-505CE635CD66</newElementsIDs>
<usedAttributes>
<attributeRef>5CD6456F-775C-20AC-39B9-505CE635CD66</attributeRef>
</usedAttributes>
</identifier>
</identifiers>
</Entity>