<?xml version = '1.0' encoding = 'UTF-8'?>
<Entity class="oracle.dbtools.crest.model.design.logical.Entity" directorySegmentName="seg_0" id="B78D9B0D-7F43-D9DD-DDBB-893E12E7C28B" name="FTO_VISUALIZACAO_VIDEO">
<createdBy>Junior</createdBy>
<createdTime>2022-11-23 17:43:49 UTC</createdTime>
<ownerDesignName>SGV_LOGICO</ownerDesignName>
<engineerTo>
<item key="EF61DE2A-F13A-1648-CB6D-CDC78C7AC393" value="true"/>
</engineerTo>
<typeID>1</typeID>
<adequatelyNormalized>NO</adequatelyNormalized>
<expectedVolumes>0</expectedVolumes>
<fwdEngineeringStrategyName>Single Table</fwdEngineeringStrategyName>
<growthPercent>0</growthPercent>
<growthType>Year</growthType>
<maxVolumes>9999999</maxVolumes>
<minVolumes>0</minVolumes>
<normalForm>Third</normalForm>
<attributes itemClass="oracle.dbtools.crest.model.design.logical.Attribute">
<Attribute name="sk_fato_visua_video" id="7C50D3A3-7B79-5887-4950-33B18EF8E582">
<createdBy>Junior</createdBy>
<createdTime>2022-11-27 14:15:47 UTC</createdTime>
<comment><![CDATA[Essa coluna irá armazenar a chave Surrogate da tabela Fato_Visualizacao_Video. Campo numerico sequencial]]></comment>
<commentInRDBMS><![CDATA[Essa coluna irá armazenar a chave Surrogate da tabela Fato_Visualizacao_Video. Campo numerico sequencial]]></commentInRDBMS>
<ownerDesignName>SGV_LOGICO</ownerDesignName>
<engineerTo>
<item key="EF61DE2A-F13A-1648-CB6D-CDC78C7AC393" value="true"/>
</engineerTo>
<useDomainConstraints>false</useDomainConstraints>
<use>1</use>
<logicalDatatype>LOGDT019</logicalDatatype>
<dataTypePrecision>10</dataTypePrecision>
<ownDataTypeParameters>,10,</ownDataTypeParameters>
</Attribute>
<Attribute name="cd_visua_video" id="7DB99ECA-0819-CCB2-5D39-8ABCF151303C">
<createdBy>Junior</createdBy>
<createdTime>2022-11-24 23:19:25 UTC</createdTime>
<comment><![CDATA[Essa coluna irá armazenar a chave primária da tabela de visualização do vídeo, onde a cada click que o usuario logado ou anônimo realizar, será anotado o acesso realizado.
Conteudo carregado da tabela T_MC_SGV_VISUALIZACAO_VIDEO]]></comment>
<commentInRDBMS><![CDATA[Essa coluna irá armazenar a chave primária da tabela de visualização do vídeo, onde a cada click que o usuario logado ou anônimo realizar, será anotado o acesso realizado.
Conteudo carregado da tabela T_MC_SGV_VISUALIZACAO_VIDEO]]></commentInRDBMS>
<ownerDesignName>SGV_LOGICO</ownerDesignName>
<engineerTo>
<item key="EF61DE2A-F13A-1648-CB6D-CDC78C7AC393" value="true"/>
</engineerTo>
<useDomainConstraints>false</useDomainConstraints>
<use>1</use>
<logicalDatatype>LOGDT019</logicalDatatype>
<dataTypePrecision>10</dataTypePrecision>
<ownDataTypeParameters>,10,</ownDataTypeParameters>
</Attribute>
<Attribute name="sk_produto" id="CBFBDAAF-0F99-2763-D11A-58596B4646CF">
<createdBy>Junior</createdBy>
<createdTime>2022-11-27 15:49:59 UTC</createdTime>
<generatorID>A0AA2AA9-2E12-43DE-3584-C870F9BF62F8</generatorID>
<ownerDesignName>SGV_LOGICO</ownerDesignName>
<engineerTo>
<item key="EF61DE2A-F13A-1648-CB6D-CDC78C7AC393" value="true"/>
</engineerTo>
<referedAttribute>DF4F8AF7-5BDB-E31B-D5C1-E810E82FAC3A</referedAttribute>
<useDomainConstraints>false</useDomainConstraints>
<use>1</use>
<logicalDatatype>LOGDT019</logicalDatatype>
<dataTypePrecision>10</dataTypePrecision>
<ownDataTypeParameters>,,</ownDataTypeParameters>
</Attribute>
<Attribute name="sk_cliente" id="0C34CE79-3191-8AA3-3B52-29B4C7BFE082">
<createdBy>Junior</createdBy>
<createdTime>2022-11-27 15:50:47 UTC</createdTime>
<generatorID>3DE31463-72EA-56BB-F35A-1997E19A2EC0</generatorID>
<ownerDesignName>SGV_LOGICO</ownerDesignName>
<engineerTo>
<item key="EF61DE2A-F13A-1648-CB6D-CDC78C7AC393" value="true"/>
</engineerTo>
<referedAttribute>5CD6456F-775C-20AC-39B9-505CE635CD66</referedAttribute>
<useDomainConstraints>false</useDomainConstraints>
<use>1</use>
<logicalDatatype>LOGDT019</logicalDatatype>
<dataTypePrecision>10</dataTypePrecision>
<ownDataTypeParameters>,,</ownDataTypeParameters>
</Attribute>
<Attribute name="sk_regiao" id="8BD4471F-22A9-7278-62EB-B6F94848EE1C">
<createdBy>Junior</createdBy>
<createdTime>2022-11-27 15:51:01 UTC</createdTime>
<generatorID>1B770E84-9604-2B6B-EEE2-F9EA364DAD03</generatorID>
<ownerDesignName>SGV_LOGICO</ownerDesignName>
<engineerTo>
<item key="EF61DE2A-F13A-1648-CB6D-CDC78C7AC393" value="true"/>
</engineerTo>
<referedAttribute>757C8D72-775E-9155-4153-78E0CC03FB93</referedAttribute>
<useDomainConstraints>false</useDomainConstraints>
<use>1</use>
<logicalDatatype>LOGDT019</logicalDatatype>
<dataTypePrecision>10</dataTypePrecision>
<ownDataTypeParameters>,,</ownDataTypeParameters>
</Attribute>
<Attribute name="sk_faixa_etaria" id="5C3E5D3E-7D2D-72D5-9BBA-15ACF8065087">
<createdBy>Junior</createdBy>
<createdTime>2022-11-27 15:51:14 UTC</createdTime>
<generatorID>ED351BE4-E5E7-DBEB-2DA8-6A4DABCFC114</generatorID>
<ownerDesignName>SGV_LOGICO</ownerDesignName>
<engineerTo>
<item key="EF61DE2A-F13A-1648-CB6D-CDC78C7AC393" value="true"/>
</engineerTo>
<referedAttribute>A56EEAA8-24F6-C316-C9F2-F7A0608D360F</referedAttribute>
<useDomainConstraints>false</useDomainConstraints>
<use>1</use>
<logicalDatatype>LOGDT019</logicalDatatype>
<dataTypePrecision>10</dataTypePrecision>
<ownDataTypeParameters>,,</ownDataTypeParameters>
</Attribute>
<Attribute name="sk_tempo" id="1F7A7717-1967-248E-7DCC-9EDE4CAF93DB">
<createdBy>Junior</createdBy>
<createdTime>2022-11-27 15:51:28 UTC</createdTime>
<generatorID>3E3BFFA1-A734-9C63-1760-D3970CF7FB6B</generatorID>
<ownerDesignName>SGV_LOGICO</ownerDesignName>
<engineerTo>
<item key="EF61DE2A-F13A-1648-CB6D-CDC78C7AC393" value="true"/>
</engineerTo>
<referedAttribute>98EF171D-29F1-F3FA-657A-26413E142491</referedAttribute>
<useDomainConstraints>false</useDomainConstraints>
<use>1</use>
<logicalDatatype>LOGDT019</logicalDatatype>
<dataTypePrecision>10</dataTypePrecision>
<ownDataTypeParameters>,10,</ownDataTypeParameters>
</Attribute>
</attributes>
<identifiers itemClass="oracle.dbtools.crest.model.design.logical.CandidateKey">
<identifier id="8D472910-9096-83C7-4C02-D0BF9F78B8D5" name="FATO_VENDA_PRODUTO PK">
<createdBy>Junior</createdBy>
<createdTime>2022-11-23 18:26:02 UTC</createdTime>
<ownerDesignName>SGV_LOGICO</ownerDesignName>
<shouldEngineer>false</shouldEngineer>
<engineerTo>
<item key="EF61DE2A-F13A-1648-CB6D-CDC78C7AC393" value="false"/>
</engineerTo>
<pk>true</pk>
<usedAttributes>
<attributeRef>7C50D3A3-7B79-5887-4950-33B18EF8E582</attributeRef>
</usedAttributes>
</identifier>
</identifiers>
</Entity>