<?xml version = '1.0' encoding = 'UTF-8'?>
<Table class="oracle.dbtools.crest.model.design.relational.Table" directorySegmentName="seg_0" id="11719DB3-E941-4BFB-3EC5-17F1223EEE81" name="DIM_FAIXA_ETARIA">
<createdBy>Junior</createdBy>
<createdTime>2022-11-23 18:28:54 UTC</createdTime>
<generatorID>57F2812B-67F8-419F-5262-40C249BB5823</generatorID>
<ownerDesignName>SGV_LOGICO</ownerDesignName>
<typeID>2</typeID>
<allowColumnReorder>false</allowColumnReorder>
<existDependencyGenerateInDDl>true</existDependencyGenerateInDDl>
<parsed>true</parsed>
<columns itemClass="oracle.dbtools.crest.model.design.relational.Column">
<Column name="sk_faixa_etaria" id="2301863C-6984-55C8-C047-6B79A9C8AD84">
<createdBy>Junior</createdBy>
<createdTime>2022-11-23 18:28:54 UTC</createdTime>
<comment><![CDATA[Essa coluna irá armazenar a chave Surrogate da tabela Dimensao Faixa_Etaria. Campo numerico sequencial]]></comment>
<commentInRDBMS><![CDATA[Essa coluna irá armazenar a chave Surrogate da tabela Dimensao Faixa_Etaria. Campo numerico sequencial]]></commentInRDBMS>
<generatorID>A56EEAA8-24F6-C316-C9F2-F7A0608D360F</generatorID>
<ownerDesignName>SGV_LOGICO</ownerDesignName>
<useDomainConstraints>false</useDomainConstraints>
<use>1</use>
<logicalDatatype>LOGDT019</logicalDatatype>
<dataTypePrecision>10</dataTypePrecision>
<ownDataTypeParameters>,10,</ownDataTypeParameters>
<autoIncrementCycle>false</autoIncrementCycle>
</Column>
<Column name="cd_faixa_etaria" id="47517CF3-A77C-A6BE-0A13-CEE003F5DB66">
<createdBy>Junior</createdBy>
<createdTime>2022-11-23 18:28:54 UTC</createdTime>
<comment><![CDATA[Esse campo irá armazenar o codigo da Faixa_etaria. Campo numerico

(1)   1 a 20 anos: cliente teen.
(2)   21 a 25 anos: adulta(o) inicio carreira.
(3)   26 a 40 anos: adulta(o) carreira consolidada.
(4)   41 a 60 anos: adulta(o) carreira final.
(5)   61 a 120 anos: adulta(o) terceira idade.
(6)   0 a 0 perfil CNPJ]]></comment>
<commentInRDBMS><![CDATA[Esse campo irá armazenar o codigo da Faixa_etaria. Campo numerico

(1)   1 a 20 anos: cliente teen.
(2)   21 a 25 anos: adulta(o) inicio carreira.
(3)   26 a 40 anos: adulta(o) carreira consolidada.
(4)   41 a 60 anos: adulta(o) carreira final.
(5)   61 a 120 anos: adulta(o) terceira idade.
(6)   0 a 0 perfil CNPJ]]></commentInRDBMS>
<generatorID>54143A3D-F4BA-A641-DE26-84F535F9A190</generatorID>
<ownerDesignName>SGV_LOGICO</ownerDesignName>
<useDomainConstraints>false</useDomainConstraints>
<use>1</use>
<logicalDatatype>LOGDT019</logicalDatatype>
<dataTypePrecision>5</dataTypePrecision>
<ownDataTypeParameters>,5,</ownDataTypeParameters>
<autoIncrementCycle>false</autoIncrementCycle>
</Column>
<Column name="ds_faixa_etaria" id="7F3597DE-4257-DB22-D70F-DA51FDAD4610">
<createdBy>Junior</createdBy>
<createdTime>2022-11-23 18:28:54 UTC</createdTime>
<comment><![CDATA[1 a 20 anos: cliente teen.
21 a 25 anos: adulta(o) inicio carreira.
26 a 40 anos: adulta(o) carreira consolidada.
41 a 60 anos: adulta(o) carreira final.
61 a 120 anos: adulta(o) terceira idade.
0 a 0 perfil CNPJ]]></comment>
<commentInRDBMS><![CDATA[1 a 20 anos: cliente teen.
21 a 25 anos: adulta(o) inicio carreira.
26 a 40 anos: adulta(o) carreira consolidada.
41 a 60 anos: adulta(o) carreira final.
61 a 120 anos: adulta(o) terceira idade.
0 a 0 perfil CNPJ]]></commentInRDBMS>
<generatorID>857E6DB7-01E8-2934-E30B-586EC29430BF</generatorID>
<ownerDesignName>SGV_LOGICO</ownerDesignName>
<useDomainConstraints>false</useDomainConstraints>
<use>1</use>
<logicalDatatype>LOGDT024</logicalDatatype>
<dataTypeSize>40</dataTypeSize>
<ownDataTypeParameters>40,,</ownDataTypeParameters>
<autoIncrementCycle>false</autoIncrementCycle>
</Column>
<Column name="nr_idade_inicial" id="FFBB6C3C-D5E0-CC94-4E99-DE0A4AFB2380">
<createdBy>Junior</createdBy>
<createdTime>2022-11-23 18:28:54 UTC</createdTime>
<comment><![CDATA[Esse campo irá armazenar a idade inicial da Faixa_Etaria, Campo numeric 2 posicoes]]></comment>
<commentInRDBMS><![CDATA[Esse campo irá armazenar a idade inicial da Faixa_Etaria, Campo numeric 2 posicoes]]></commentInRDBMS>
<generatorID>1DF1A907-27BD-6B03-A390-44A6544424F1</generatorID>
<ownerDesignName>SGV_LOGICO</ownerDesignName>
<useDomainConstraints>false</useDomainConstraints>
<use>1</use>
<logicalDatatype>LOGDT019</logicalDatatype>
<dataTypePrecision>2</dataTypePrecision>
<ownDataTypeParameters>,2,</ownDataTypeParameters>
<autoIncrementCycle>false</autoIncrementCycle>
</Column>
<Column name="nr_idade_final" id="4BD1DDD3-71D6-FF94-41C3-C993BB3EFE47">
<createdBy>Junior</createdBy>
<createdTime>2022-11-23 18:28:54 UTC</createdTime>
<comment><![CDATA[Esse campo irá armazenar a idade final da Faixa_Etaria, Campo numeric 2 posicoes]]></comment>
<commentInRDBMS><![CDATA[Esse campo irá armazenar a idade final da Faixa_Etaria, Campo numeric 2 posicoes]]></commentInRDBMS>
<generatorID>1A37BEDB-F7B9-12A8-1687-01B4DFAF320F</generatorID>
<ownerDesignName>SGV_LOGICO</ownerDesignName>
<useDomainConstraints>false</useDomainConstraints>
<use>1</use>
<logicalDatatype>LOGDT019</logicalDatatype>
<dataTypePrecision>2</dataTypePrecision>
<ownDataTypeParameters>,2,</ownDataTypeParameters>
<autoIncrementCycle>false</autoIncrementCycle>
</Column>
</columns>
<indexes itemClass="oracle.dbtools.crest.model.design.relational.Index">
<ind_PK_UK id="5A7C07FB-52DD-27AE-834E-85BEA42BF615" name="DIM_FAIXA_ETARIA_PK">
<createdBy>Junior</createdBy>
<createdTime>2022-11-23 18:28:54 UTC</createdTime>
<generatorID>DC80CF47-7D65-B9B0-C46E-A63F5A53841D</generatorID>
<ownerDesignName>SGV_LOGICO</ownerDesignName>
<pk>true</pk>
<indexState>Primary Constraint</indexState>
<isSurrogateKey>false</isSurrogateKey>
<indexColumnUsage>
<colUsage columnID="2301863C-6984-55C8-C047-6B79A9C8AD84"/>
</indexColumnUsage>
</ind_PK_UK>
</indexes>
</Table>