<?xml version = '1.0' encoding = 'UTF-8'?>
<Table class="oracle.dbtools.crest.model.design.relational.Table" directorySegmentName="seg_0" id="65FCE061-0D6E-A016-5B10-5758CF48AD03" name="DIM_PRODUTO">
<createdBy>Junior</createdBy>
<createdTime>2022-11-23 18:28:54 UTC</createdTime>
<generatorID>7401C50C-A705-BFB9-AD0A-525AA4112712</generatorID>
<ownerDesignName>SGV_LOGICO</ownerDesignName>
<typeID>2</typeID>
<allowColumnReorder>false</allowColumnReorder>
<existDependencyGenerateInDDl>true</existDependencyGenerateInDDl>
<parsed>true</parsed>
<columns itemClass="oracle.dbtools.crest.model.design.relational.Column">
<Column name="sk_produto" id="76F03F1A-B625-EFAE-5160-81B442CEBA80">
<createdBy>Junior</createdBy>
<createdTime>2022-11-23 18:28:54 UTC</createdTime>
<comment><![CDATA[Essa coluna irá armazenar a chave Surrogate da tabela Dimensao Produto. Campo numerico sequencial]]></comment>
<commentInRDBMS><![CDATA[Essa coluna irá armazenar a chave Surrogate da tabela Dimensao Produto. Campo numerico sequencial]]></commentInRDBMS>
<generatorID>DF4F8AF7-5BDB-E31B-D5C1-E810E82FAC3A</generatorID>
<ownerDesignName>SGV_LOGICO</ownerDesignName>
<useDomainConstraints>false</useDomainConstraints>
<use>1</use>
<logicalDatatype>LOGDT019</logicalDatatype>
<dataTypePrecision>10</dataTypePrecision>
<ownDataTypeParameters>,10,</ownDataTypeParameters>
<autoIncrementCycle>false</autoIncrementCycle>
</Column>
<Column name="cd_produto" id="53B20219-CD25-8CDD-CFFB-8EECC0968C41">
<createdBy>Junior</createdBy>
<createdTime>2022-11-26 16:10:25 UTC</createdTime>
<comment><![CDATA[Essa coluna irá armazenar a chave primária da tabela de produtos da Melhores Compras.]]></comment>
<commentInRDBMS><![CDATA[Essa coluna irá armazenar a chave primária da tabela de produtos da Melhores Compras.]]></commentInRDBMS>
<generatorID>C4E151CF-29E2-CEA3-4042-31123FA9C237</generatorID>
<ownerDesignName>SGV_LOGICO</ownerDesignName>
<useDomainConstraints>false</useDomainConstraints>
<use>1</use>
<logicalDatatype>LOGDT019</logicalDatatype>
<dataTypePrecision>6</dataTypePrecision>
<ownDataTypeParameters>,6,</ownDataTypeParameters>
<autoIncrementCycle>false</autoIncrementCycle>
</Column>
<Column name="ds_produto" id="040081C2-0691-B42F-74F3-0B116BC989D9">
<createdBy>Junior</createdBy>
<createdTime>2022-11-23 18:28:54 UTC</createdTime>
<comment><![CDATA[Essa coluna irá armazenar a descrição principal do produto. Seu conteúdo deve ser  obrigatorio.]]></comment>
<commentInRDBMS><![CDATA[Essa coluna irá armazenar a descrição principal do produto. Seu conteúdo deve ser  obrigatorio.]]></commentInRDBMS>
<generatorID>1087139A-6D68-F930-445D-37D3E0EE9C16</generatorID>
<ownerDesignName>SGV_LOGICO</ownerDesignName>
<useDomainConstraints>false</useDomainConstraints>
<use>1</use>
<logicalDatatype>LOGDT024</logicalDatatype>
<dataTypeSize>50</dataTypeSize>
<ownDataTypeParameters>50,,</ownDataTypeParameters>
<autoIncrementCycle>false</autoIncrementCycle>
</Column>
<Column name="cd_cat" id="9158B1A1-9B4F-4F16-A69C-154D4059152B">
<createdBy>Junior</createdBy>
<createdTime>2022-11-26 16:10:25 UTC</createdTime>
<comment><![CDATA[Essa coluna irá armazenar a chave primária da tabela de categoria de produtos da Melhores Compras.]]></comment>
<commentInRDBMS><![CDATA[Essa coluna irá armazenar a chave primária da tabela de categoria de produtos da Melhores Compras.]]></commentInRDBMS>
<generatorID>6378183F-EAAE-BE2A-D269-4F8155D6999C</generatorID>
<ownerDesignName>SGV_LOGICO</ownerDesignName>
<useDomainConstraints>false</useDomainConstraints>
<use>1</use>
<logicalDatatype>LOGDT019</logicalDatatype>
<ownDataTypeParameters>,,</ownDataTypeParameters>
<autoIncrementCycle>false</autoIncrementCycle>
</Column>
<Column name="tp_categoria" id="D3F76492-99CC-4CEA-0333-99065AADE561">
<createdBy>Junior</createdBy>
<createdTime>2022-11-23 18:28:54 UTC</createdTime>
<comment><![CDATA[Nessa  coluna  será  armazenada o tipo de categoria que poderá  ser (V)ídeo ou (P)rodudto. Seu conteúdo deve ser obrigatório.]]></comment>
<commentInRDBMS><![CDATA[Nessa  coluna  será  armazenada o tipo de categoria que poderá  ser (V)ídeo ou (P)rodudto. Seu conteúdo deve ser obrigatório.]]></commentInRDBMS>
<generatorID>650BA0CB-2CAD-96FF-DBBD-6E31FF152420</generatorID>
<ownerDesignName>SGV_LOGICO</ownerDesignName>
<useDomainConstraints>false</useDomainConstraints>
<use>1</use>
<logicalDatatype>LOGDT025</logicalDatatype>
<dataTypeSize>1</dataTypeSize>
<ownDataTypeParameters>1,,</ownDataTypeParameters>
<autoIncrementCycle>false</autoIncrementCycle>
</Column>
<Column name="ds_categoria" id="05C3FEC3-7CEB-1B96-D2FA-B4886FA0B100">
<createdBy>Junior</createdBy>
<createdTime>2022-11-27 15:58:13 UTC</createdTime>
<comment><![CDATA[Essa coluna irá armazenar descrição da categoria de produtos da Melhores Compras. Cada categoria tem uma  descrição única e serve para organizar os produtos em categorias simliares, melhorando a tomada de decisão.]]></comment>
<commentInRDBMS><![CDATA[Essa coluna irá armazenar descrição da categoria de produtos da Melhores Compras. Cada categoria tem uma  descrição única e serve para organizar os produtos em categorias simliares, melhorando a tomada de decisão.]]></commentInRDBMS>
<generatorID>5C4214D8-A182-41E3-FE56-A73B8178D775</generatorID>
<ownerDesignName>SGV_LOGICO</ownerDesignName>
<useDomainConstraints>false</useDomainConstraints>
<use>1</use>
<logicalDatatype>LOGDT024</logicalDatatype>
<dataTypeSize>500</dataTypeSize>
<ownDataTypeParameters>500,,</ownDataTypeParameters>
<autoIncrementCycle>false</autoIncrementCycle>
</Column>
<Column name="st_categoria" id="CD3B7170-B038-7B45-5F83-8A6737B97A92">
<createdBy>Junior</createdBy>
<createdTime>2022-11-27 15:58:13 UTC</createdTime>
<comment><![CDATA[Essa coluna irá armazenar o stauts da categoria da Melhores Compras. Os valores permitidos aqui são: A(tivo) e I(nativo).]]></comment>
<commentInRDBMS><![CDATA[Essa coluna irá armazenar o stauts da categoria da Melhores Compras. Os valores permitidos aqui são: A(tivo) e I(nativo).]]></commentInRDBMS>
<generatorID>E6D3CD9A-FC6A-8654-CF5B-15154BB03238</generatorID>
<ownerDesignName>SGV_LOGICO</ownerDesignName>
<useDomainConstraints>false</useDomainConstraints>
<use>1</use>
<logicalDatatype>LOGDT025</logicalDatatype>
<dataTypeSize>1</dataTypeSize>
<ownDataTypeParameters>1,,</ownDataTypeParameters>
<autoIncrementCycle>false</autoIncrementCycle>
</Column>
<Column name="vl_unitario" id="A11CF7C7-BB31-C717-01CF-E1BB351632DA">
<createdBy>Junior</createdBy>
<createdTime>2022-11-27 15:58:13 UTC</createdTime>
<comment><![CDATA[Essa coluna irá armazenar o valor unitário do produto. Seu conteúdo deve ser > 0 ]]></comment>
<commentInRDBMS><![CDATA[Essa coluna irá armazenar o valor unitário do produto. Seu conteúdo deve ser > 0 ]]></commentInRDBMS>
<generatorID>11178D90-C83D-9054-0C1F-285AF6527AC7</generatorID>
<ownerDesignName>SGV_LOGICO</ownerDesignName>
<useDomainConstraints>false</useDomainConstraints>
<use>1</use>
<logicalDatatype>LOGDT019</logicalDatatype>
<dataTypePrecision>8</dataTypePrecision>
<dataTypeScale>2</dataTypeScale>
<ownDataTypeParameters>,8,2</ownDataTypeParameters>
<autoIncrementCycle>false</autoIncrementCycle>
</Column>
<Column name="tp_embalagem" id="1898224F-E1CB-1914-C620-5814F8ECBF72">
<createdBy>Junior</createdBy>
<createdTime>2022-11-27 15:58:13 UTC</createdTime>
<comment><![CDATA[Essa coluna irá armazenar o tipo de embalagem do produto. Seu conteúdo pode ser opcional.]]></comment>
<commentInRDBMS><![CDATA[Essa coluna irá armazenar o tipo de embalagem do produto. Seu conteúdo pode ser opcional.]]></commentInRDBMS>
<generatorID>18333A4F-450C-C070-DC3E-50539C6E3AE4</generatorID>
<ownerDesignName>SGV_LOGICO</ownerDesignName>
<nullsAllowed>true</nullsAllowed>
<useDomainConstraints>false</useDomainConstraints>
<use>1</use>
<logicalDatatype>LOGDT024</logicalDatatype>
<dataTypeSize>15</dataTypeSize>
<ownDataTypeParameters>15,,</ownDataTypeParameters>
<autoIncrementCycle>false</autoIncrementCycle>
</Column>
<Column name="st_produto" id="2EDB784E-990A-5A30-6A95-C542DDF08EB5">
<createdBy>Junior</createdBy>
<createdTime>2022-11-27 15:58:13 UTC</createdTime>
<comment><![CDATA[Essa coluna irá armazenar o stauts do produto da Melhorees Compras. Os valores permitidos aqui são: A(tivo) e I(nativo).]]></comment>
<commentInRDBMS><![CDATA[Essa coluna irá armazenar o stauts do produto da Melhorees Compras. Os valores permitidos aqui são: A(tivo) e I(nativo).]]></commentInRDBMS>
<generatorID>D79E330C-F7C6-C663-34B8-488B7201FB3E</generatorID>
<ownerDesignName>SGV_LOGICO</ownerDesignName>
<nullsAllowed>true</nullsAllowed>
<useDomainConstraints>false</useDomainConstraints>
<use>1</use>
<logicalDatatype>LOGDT025</logicalDatatype>
<dataTypeSize>1</dataTypeSize>
<ownDataTypeParameters>1,,</ownDataTypeParameters>
<autoIncrementCycle>false</autoIncrementCycle>
</Column>
<Column name="vl_perc_lucro" id="270CCAAC-53CE-BD7D-85E9-18BAC6ED7A47">
<createdBy>Junior</createdBy>
<createdTime>2022-11-27 15:58:13 UTC</createdTime>
<comment><![CDATA[Essa coluna irá armazenar o percentual  do lucro médio para cada produto. Seu conteúdo deve ser opcional.]]></comment>
<commentInRDBMS><![CDATA[Essa coluna irá armazenar o percentual  do lucro médio para cada produto. Seu conteúdo deve ser opcional.]]></commentInRDBMS>
<generatorID>FF8E1FE5-5B56-A860-D8AD-23E93D326E59</generatorID>
<ownerDesignName>SGV_LOGICO</ownerDesignName>
<nullsAllowed>true</nullsAllowed>
<useDomainConstraints>false</useDomainConstraints>
<use>1</use>
<logicalDatatype>LOGDT019</logicalDatatype>
<dataTypePrecision>8</dataTypePrecision>
<dataTypeScale>2</dataTypeScale>
<ownDataTypeParameters>,8,2</ownDataTypeParameters>
<autoIncrementCycle>false</autoIncrementCycle>
</Column>
<Column name="ds_completa_prod" id="0EC089E1-0B21-5639-3A4A-4FD4D2D1AC2F">
<createdBy>Junior</createdBy>
<createdTime>2022-11-27 15:58:13 UTC</createdTime>
<comment><![CDATA[Essa coluna irá armazenar a descrição completa do produto. Seu conteúdo deve ser  obrigatorio.]]></comment>
<commentInRDBMS><![CDATA[Essa coluna irá armazenar a descrição completa do produto. Seu conteúdo deve ser  obrigatorio.]]></commentInRDBMS>
<generatorID>DBBD0A71-8493-0966-B071-B1134F9CF9C4</generatorID>
<ownerDesignName>SGV_LOGICO</ownerDesignName>
<useDomainConstraints>false</useDomainConstraints>
<use>1</use>
<logicalDatatype>LOGDT024</logicalDatatype>
<dataTypeSize>4000</dataTypeSize>
<ownDataTypeParameters>4000,,</ownDataTypeParameters>
<autoIncrementCycle>false</autoIncrementCycle>
</Column>
</columns>
<indexes itemClass="oracle.dbtools.crest.model.design.relational.Index">
<ind_PK_UK id="1D3811AE-2847-F60A-40E1-6842ED8990FF" name="DIM_PRODUTO_PK">
<createdBy>Junior</createdBy>
<createdTime>2022-11-23 18:28:54 UTC</createdTime>
<generatorID>452FC3A0-E4F3-2F8C-1AAB-C5FFF5179E80</generatorID>
<ownerDesignName>SGV_LOGICO</ownerDesignName>
<pk>true</pk>
<indexState>Primary Constraint</indexState>
<isSurrogateKey>false</isSurrogateKey>
<indexColumnUsage>
<colUsage columnID="76F03F1A-B625-EFAE-5160-81B442CEBA80"/>
</indexColumnUsage>
</ind_PK_UK>
</indexes>
</Table>