<?xml version = '1.0' encoding = 'UTF-8'?>
<Table class="oracle.dbtools.crest.model.design.relational.Table" directorySegmentName="seg_0" id="8E8FC437-F83A-BBEC-A5DC-D78935330EE1" name="FTO_VISUALIZACAO_VIDEO">
<createdBy>Junior</createdBy>
<createdTime>2022-11-23 18:28:54 UTC</createdTime>
<generatorID>B78D9B0D-7F43-D9DD-DDBB-893E12E7C28B</generatorID>
<ownerDesignName>SGV_LOGICO</ownerDesignName>
<typeID>1</typeID>
<allowColumnReorder>false</allowColumnReorder>
<existDependencyGenerateInDDl>true</existDependencyGenerateInDDl>
<parsed>true</parsed>
<columns itemClass="oracle.dbtools.crest.model.design.relational.Column">
<Column name="sk_fato_visualizacao" id="DE0FEB18-76A3-6EBC-7E3B-6062AF12D693">
<createdBy>Junior</createdBy>
<createdTime>2022-11-26 17:23:06 UTC</createdTime>
<comment><![CDATA[Essa coluna irá armazenar a chave Surrogate da tabela Fato_Visualizacao_Video. Campo numerico sequencial]]></comment>
<commentInRDBMS><![CDATA[Essa coluna irá armazenar a chave Surrogate da tabela Fato_Visualizacao_Video. Campo numerico sequencial]]></commentInRDBMS>
<ownerDesignName>SGV_LOGICO</ownerDesignName>
<useDomainConstraints>false</useDomainConstraints>
<use>1</use>
<logicalDatatype>LOGDT019</logicalDatatype>
<dataTypePrecision>6</dataTypePrecision>
<ownDataTypeParameters>,6,</ownDataTypeParameters>
<autoIncrementCycle>false</autoIncrementCycle>
</Column>
<Column name="cd_visua_video" id="5B0A7CF7-B932-1C2E-F658-87AF3B1AA85F">
<createdBy>Junior</createdBy>
<createdTime>2022-11-26 16:10:25 UTC</createdTime>
<comment><![CDATA[Essa coluna irá armazenar a chave primária da tabela de visualização do vídeo, onde a cada click que o usuario logado ou anônimo realizar, será anotado o acesso realizado.
Conteudo carregado da tabela T_MC_SGV_VISUALIZACAO_VIDEO]]></comment>
<commentInRDBMS><![CDATA[Essa coluna irá armazenar a chave primária da tabela de visualização do vídeo, onde a cada click que o usuario logado ou anônimo realizar, será anotado o acesso realizado.
Conteudo carregado da tabela T_MC_SGV_VISUALIZACAO_VIDEO]]></commentInRDBMS>
<generatorID>7DB99ECA-0819-CCB2-5D39-8ABCF151303C</generatorID>
<ownerDesignName>SGV_LOGICO</ownerDesignName>
<useDomainConstraints>false</useDomainConstraints>
<use>1</use>
<logicalDatatype>LOGDT019</logicalDatatype>
<dataTypePrecision>10</dataTypePrecision>
<ownDataTypeParameters>,10,</ownDataTypeParameters>
<autoIncrementCycle>false</autoIncrementCycle>
</Column>
<Column name="sk_produto" id="7427664D-D1BB-6DFE-9528-A91AC87B9636">
<createdBy>Junior</createdBy>
<createdTime>2022-11-27 16:00:11 UTC</createdTime>
<generatorID>CBFBDAAF-0F99-2763-D11A-58596B4646CF</generatorID>
<ownerDesignName>SGV_LOGICO</ownerDesignName>
<useDomainConstraints>false</useDomainConstraints>
<use>1</use>
<logicalDatatype>LOGDT019</logicalDatatype>
<dataTypePrecision>10</dataTypePrecision>
<ownDataTypeParameters>,,</ownDataTypeParameters>
<previousColumn>false</previousColumn>
<autoIncrementCycle>false</autoIncrementCycle>
<associations>
<colAssociation fkAssociation="AC44049F-A265-5783-4A8A-5FF9D116974A" referredColumn="76F03F1A-B625-EFAE-5160-81B442CEBA80"/>
</associations>
</Column>
<Column name="sk_cliente" id="D4681B7D-CF01-D9E2-3829-BE60689B62D5">
<createdBy>Junior</createdBy>
<createdTime>2022-11-27 15:58:13 UTC</createdTime>
<generatorID>0C34CE79-3191-8AA3-3B52-29B4C7BFE082</generatorID>
<ownerDesignName>SGV_LOGICO</ownerDesignName>
<useDomainConstraints>false</useDomainConstraints>
<use>1</use>
<logicalDatatype>LOGDT019</logicalDatatype>
<dataTypePrecision>10</dataTypePrecision>
<ownDataTypeParameters>,,</ownDataTypeParameters>
<previousColumn>false</previousColumn>
<autoIncrementCycle>false</autoIncrementCycle>
<associations>
<colAssociation fkAssociation="8314195C-A3D8-7C2F-97CB-6BC811532D59" referredColumn="BB6CAA4D-7D1F-AAD0-03B3-4250B41D6AD8"/>
</associations>
</Column>
<Column name="sk_regiao" id="FA0A8A5B-CBCF-2735-F945-910AECCE49AA">
<createdBy>Junior</createdBy>
<createdTime>2022-11-27 15:58:13 UTC</createdTime>
<generatorID>8BD4471F-22A9-7278-62EB-B6F94848EE1C</generatorID>
<ownerDesignName>SGV_LOGICO</ownerDesignName>
<useDomainConstraints>false</useDomainConstraints>
<use>1</use>
<logicalDatatype>LOGDT019</logicalDatatype>
<dataTypePrecision>10</dataTypePrecision>
<ownDataTypeParameters>,,</ownDataTypeParameters>
<previousColumn>false</previousColumn>
<autoIncrementCycle>false</autoIncrementCycle>
<associations>
<colAssociation fkAssociation="C0386E1E-1945-E2D7-47FF-531BEB064B8D" referredColumn="E06D093E-B59E-F9FC-68CC-EE8BF4F9BA40"/>
</associations>
</Column>
<Column name="sk_tempo" id="9548DDDA-335B-8ABD-7648-C22CFB4BD9B2">
<createdBy>Junior</createdBy>
<createdTime>2022-11-27 15:58:13 UTC</createdTime>
<generatorID>1F7A7717-1967-248E-7DCC-9EDE4CAF93DB</generatorID>
<ownerDesignName>SGV_LOGICO</ownerDesignName>
<useDomainConstraints>false</useDomainConstraints>
<use>1</use>
<logicalDatatype>LOGDT019</logicalDatatype>
<dataTypePrecision>10</dataTypePrecision>
<ownDataTypeParameters>,,</ownDataTypeParameters>
<previousColumn>false</previousColumn>
<autoIncrementCycle>false</autoIncrementCycle>
<associations>
<colAssociation fkAssociation="49CEBC73-F1D0-2CC2-FE80-644EDD91506B" referredColumn="F403DAD8-A5A8-E5F1-9660-575876A11860"/>
</associations>
</Column>
<Column name="sk_faixa_etaria" id="6ABC5040-4A4A-5927-3704-DB810ACAF5F6">
<createdBy>Junior</createdBy>
<createdTime>2022-11-27 15:58:13 UTC</createdTime>
<generatorID>5C3E5D3E-7D2D-72D5-9BBA-15ACF8065087</generatorID>
<ownerDesignName>SGV_LOGICO</ownerDesignName>
<useDomainConstraints>false</useDomainConstraints>
<use>1</use>
<logicalDatatype>LOGDT019</logicalDatatype>
<dataTypePrecision>10</dataTypePrecision>
<ownDataTypeParameters>,,</ownDataTypeParameters>
<previousColumn>false</previousColumn>
<autoIncrementCycle>false</autoIncrementCycle>
<associations>
<colAssociation fkAssociation="EBC83261-EFF1-4521-A078-3F4E03819E0D" referredColumn="2301863C-6984-55C8-C047-6B79A9C8AD84"/>
</associations>
</Column>
</columns>
<indexes itemClass="oracle.dbtools.crest.model.design.relational.Index">
<ind_PK_UK id="160AAF28-9476-D90A-0C8D-F1606CF73AC0" name="FATO_VISUALIZACAO_PK">
<createdBy>Junior</createdBy>
<createdTime>2022-11-23 18:28:54 UTC</createdTime>
<generatorID>8D472910-9096-83C7-4C02-D0BF9F78B8D5</generatorID>
<ownerDesignName>SGV_LOGICO</ownerDesignName>
<pk>true</pk>
<indexState>Primary Constraint</indexState>
<isSurrogateKey>false</isSurrogateKey>
<indexColumnUsage>
<colUsage columnID="DE0FEB18-76A3-6EBC-7E3B-6062AF12D693"/>
</indexColumnUsage>
</ind_PK_UK>
<ind_PK_UK id="6DC9A0C2-0B75-D0BF-9694-777A2721FD66" name="DIM_CLIENTE_FATO">
<createdBy>Junior</createdBy>
<createdTime>2022-11-27 15:58:13 UTC</createdTime>
<generatorID>3DE31463-72EA-56BB-F35A-1997E19A2EC0</generatorID>
<ownerDesignName>SGV_LOGICO</ownerDesignName>
<indexState>Foreign Key</indexState>
<isSurrogateKey>false</isSurrogateKey>
<indexColumnUsage>
<colUsage columnID="D4681B7D-CF01-D9E2-3829-BE60689B62D5"/>
</indexColumnUsage>
</ind_PK_UK>
<ind_PK_UK id="E176FC7B-263D-C761-C64B-73D6311FDF59" name="DIM_FAIXA_ETARIA_TEMPO">
<createdBy>Junior</createdBy>
<createdTime>2022-11-27 15:58:13 UTC</createdTime>
<generatorID>ED351BE4-E5E7-DBEB-2DA8-6A4DABCFC114</generatorID>
<ownerDesignName>SGV_LOGICO</ownerDesignName>
<indexState>Foreign Key</indexState>
<isSurrogateKey>false</isSurrogateKey>
<indexColumnUsage>
<colUsage columnID="6ABC5040-4A4A-5927-3704-DB810ACAF5F6"/>
</indexColumnUsage>
</ind_PK_UK>
<ind_PK_UK id="CE2AEC82-AE7C-BCA1-6ED3-EA7068D08DCA" name="DIM_REGIAO_FATO">
<createdBy>Junior</createdBy>
<createdTime>2022-11-27 15:58:13 UTC</createdTime>
<generatorID>1B770E84-9604-2B6B-EEE2-F9EA364DAD03</generatorID>
<ownerDesignName>SGV_LOGICO</ownerDesignName>
<indexState>Foreign Key</indexState>
<isSurrogateKey>false</isSurrogateKey>
<indexColumnUsage>
<colUsage columnID="FA0A8A5B-CBCF-2735-F945-910AECCE49AA"/>
</indexColumnUsage>
</ind_PK_UK>
<ind_PK_UK id="26670610-C1BC-5630-D14F-DA059F7E21E4" name="DIM_TEMPO_FATO">
<createdBy>Junior</createdBy>
<createdTime>2022-11-27 15:58:13 UTC</createdTime>
<generatorID>3E3BFFA1-A734-9C63-1760-D3970CF7FB6B</generatorID>
<ownerDesignName>SGV_LOGICO</ownerDesignName>
<indexState>Foreign Key</indexState>
<isSurrogateKey>false</isSurrogateKey>
<indexColumnUsage>
<colUsage columnID="9548DDDA-335B-8ABD-7648-C22CFB4BD9B2"/>
</indexColumnUsage>
</ind_PK_UK>
<ind_PK_UK id="A34C9987-8BF4-0C83-F343-8CEDB367CB6F" name="DIM_PRODUTO_FATO">
<createdBy>Junior</createdBy>
<createdTime>2022-11-27 16:00:11 UTC</createdTime>
<generatorID>A0AA2AA9-2E12-43DE-3584-C870F9BF62F8</generatorID>
<ownerDesignName>SGV_LOGICO</ownerDesignName>
<indexState>Foreign Key</indexState>
<isSurrogateKey>false</isSurrogateKey>
<indexColumnUsage>
<colUsage columnID="7427664D-D1BB-6DFE-9528-A91AC87B9636"/>
</indexColumnUsage>
</ind_PK_UK>
</indexes>
</Table>