<?xml version = '1.0' encoding = 'UTF-8'?>
<Table class="oracle.dbtools.crest.model.design.relational.Table" directorySegmentName="seg_0" id="9F76761C-A174-1F0A-B411-92694338DE2A" name="DIM_REGIAO">
<createdBy>Junior</createdBy>
<createdTime>2022-11-26 16:10:25 UTC</createdTime>
<generatorID>67238939-C33D-F522-2D8A-AE0BE65D5E02</generatorID>
<ownerDesignName>SGV_LOGICO</ownerDesignName>
<typeID>2</typeID>
<allowColumnReorder>false</allowColumnReorder>
<existDependencyGenerateInDDl>true</existDependencyGenerateInDDl>
<parsed>true</parsed>
<columns itemClass="oracle.dbtools.crest.model.design.relational.Column">
<Column name="sk_regiao" id="E06D093E-B59E-F9FC-68CC-EE8BF4F9BA40">
<createdBy>Junior</createdBy>
<createdTime>2022-11-26 16:10:25 UTC</createdTime>
<comment><![CDATA[Essa coluna irá armazenar a chave Surrogate da tabela Dimensao Regiao. Campo numerico sequencial]]></comment>
<commentInRDBMS><![CDATA[Essa coluna irá armazenar a chave Surrogate da tabela Dimensao Regiao. Campo numerico sequencial]]></commentInRDBMS>
<generatorID>757C8D72-775E-9155-4153-78E0CC03FB93</generatorID>
<ownerDesignName>SGV_LOGICO</ownerDesignName>
<useDomainConstraints>false</useDomainConstraints>
<use>1</use>
<logicalDatatype>LOGDT019</logicalDatatype>
<dataTypePrecision>10</dataTypePrecision>
<ownDataTypeParameters>,10,</ownDataTypeParameters>
<autoIncrementCycle>false</autoIncrementCycle>
</Column>
<Column name="sg_estado" id="92C0FD93-898E-D7AB-3259-0AFB060B726B">
<createdBy>Junior</createdBy>
<createdTime>2022-11-26 16:10:25 UTC</createdTime>
<comment><![CDATA[Esta coluna ira receber a siga do Estado. Esse conteúdo é obrigatório.]]></comment>
<commentInRDBMS><![CDATA[Esta coluna ira receber a siga do Estado. Esse conteúdo é obrigatório.]]></commentInRDBMS>
<generatorID>F783743B-EC09-4F13-1CE2-96F958314E53</generatorID>
<ownerDesignName>SGV_LOGICO</ownerDesignName>
<useDomainConstraints>false</useDomainConstraints>
<use>1</use>
<logicalDatatype>LOGDT025</logicalDatatype>
<dataTypeSize>2</dataTypeSize>
<ownDataTypeParameters>2,,</ownDataTypeParameters>
<autoIncrementCycle>false</autoIncrementCycle>
</Column>
<Column name="nm_estado" id="14B6F46D-73DC-4984-350A-14F61C845328">
<createdBy>Junior</createdBy>
<createdTime>2022-11-26 16:10:25 UTC</createdTime>
<comment><![CDATA[Esta coluna irá receber o nome do estado]]></comment>
<commentInRDBMS><![CDATA[Esta coluna irá receber o nome do estado]]></commentInRDBMS>
<generatorID>F39DEE25-F6CC-6AA7-3AE1-19DC1C47B1D1</generatorID>
<ownerDesignName>SGV_LOGICO</ownerDesignName>
<useDomainConstraints>false</useDomainConstraints>
<use>1</use>
<logicalDatatype>LOGDT024</logicalDatatype>
<dataTypeSize>30</dataTypeSize>
<ownDataTypeParameters>30,,</ownDataTypeParameters>
<autoIncrementCycle>false</autoIncrementCycle>
</Column>
<Column name="cd_cidade" id="002050BB-ADBD-C3A0-D6CC-5FCA73801D1C">
<createdBy>Junior</createdBy>
<createdTime>2022-11-26 16:10:25 UTC</createdTime>
<comment><![CDATA[Esta coluna irá receber o codigo da cidade e seu conteúdo é obrigatório.]]></comment>
<commentInRDBMS><![CDATA[Esta coluna irá receber o codigo da cidade e seu conteúdo é obrigatório.]]></commentInRDBMS>
<generatorID>898CF233-96AA-26B8-859A-EED86525C3E4</generatorID>
<ownerDesignName>SGV_LOGICO</ownerDesignName>
<useDomainConstraints>false</useDomainConstraints>
<use>1</use>
<logicalDatatype>LOGDT019</logicalDatatype>
<dataTypePrecision>6</dataTypePrecision>
<ownDataTypeParameters>,6,</ownDataTypeParameters>
<autoIncrementCycle>false</autoIncrementCycle>
</Column>
<Column name="nm_cidade" id="F53A656F-0C24-D5C8-D42E-4DC77B57D350">
<createdBy>Junior</createdBy>
<createdTime>2022-11-26 16:10:25 UTC</createdTime>
<comment><![CDATA[Esta coluna ira receber o nome da Cidade. Esse conteúdo é obrigatório.]]></comment>
<commentInRDBMS><![CDATA[Esta coluna ira receber o nome da Cidade. Esse conteúdo é obrigatório.]]></commentInRDBMS>
<generatorID>C3406DEE-42E7-2036-404E-7A49AF1A79E5</generatorID>
<ownerDesignName>SGV_LOGICO</ownerDesignName>
<useDomainConstraints>false</useDomainConstraints>
<use>1</use>
<logicalDatatype>LOGDT024</logicalDatatype>
<dataTypeSize>40</dataTypeSize>
<ownDataTypeParameters>40,,</ownDataTypeParameters>
<autoIncrementCycle>false</autoIncrementCycle>
</Column>
<Column name="cd_bairro" id="2070BE22-98E2-52DD-2655-3480BAD33CBD">
<createdBy>Junior</createdBy>
<createdTime>2022-11-26 16:10:25 UTC</createdTime>
<comment><![CDATA[Esta coluna irá receber o codigo do bairro e seu conteúdo é obrigatório.]]></comment>
<commentInRDBMS><![CDATA[Esta coluna irá receber o codigo do bairro e seu conteúdo é obrigatório.]]></commentInRDBMS>
<generatorID>369BF8D5-E9CF-BCD6-A526-F86BA895471A</generatorID>
<ownerDesignName>SGV_LOGICO</ownerDesignName>
<useDomainConstraints>false</useDomainConstraints>
<use>1</use>
<logicalDatatype>LOGDT019</logicalDatatype>
<dataTypePrecision>6</dataTypePrecision>
<ownDataTypeParameters>,6,</ownDataTypeParameters>
<autoIncrementCycle>false</autoIncrementCycle>
</Column>
<Column name="nm_bairro" id="DAE6543D-4359-9F2E-5337-460CCDBB9C6C">
<createdBy>Junior</createdBy>
<createdTime>2022-11-26 16:10:25 UTC</createdTime>
<comment><![CDATA[Esta coluna ira receber o nome do Bairro. Esse conteúdo é obrigatório.]]></comment>
<commentInRDBMS><![CDATA[Esta coluna ira receber o nome do Bairro. Esse conteúdo é obrigatório.]]></commentInRDBMS>
<generatorID>9BE761DF-084B-E514-318D-067B08B59E95</generatorID>
<ownerDesignName>SGV_LOGICO</ownerDesignName>
<useDomainConstraints>false</useDomainConstraints>
<use>1</use>
<logicalDatatype>LOGDT024</logicalDatatype>
<dataTypeSize>40</dataTypeSize>
<ownDataTypeParameters>40,,</ownDataTypeParameters>
<autoIncrementCycle>false</autoIncrementCycle>
</Column>
</columns>
<indexes itemClass="oracle.dbtools.crest.model.design.relational.Index">
<ind_PK_UK id="47C6012C-425E-69F7-B665-254CFE00E1D9" name="DIM_REGIAO_PK">
<createdBy>Junior</createdBy>
<createdTime>2022-11-26 16:10:25 UTC</createdTime>
<generatorID>908A18CB-58E3-3867-FF35-D9633D2EF3CC</generatorID>
<ownerDesignName>SGV_LOGICO</ownerDesignName>
<pk>true</pk>
<indexState>Primary Constraint</indexState>
<isSurrogateKey>false</isSurrogateKey>
<indexColumnUsage>
<colUsage columnID="E06D093E-B59E-F9FC-68CC-EE8BF4F9BA40"/>
</indexColumnUsage>
</ind_PK_UK>
</indexes>
</Table>