<?xml version = '1.0' encoding = 'UTF-8'?>
<Table class="oracle.dbtools.crest.model.design.relational.Table" directorySegmentName="seg_0" id="E48E2498-0A88-EFFD-E06E-E1FA63555528" name="DIM_TEMPO">
<createdBy>Junior</createdBy>
<createdTime>2022-11-23 18:28:54 UTC</createdTime>
<generatorID>0EA57D36-6CAE-ABD1-9294-4F70A89D3FC6</generatorID>
<ownerDesignName>SGV_LOGICO</ownerDesignName>
<typeID>2</typeID>
<allowColumnReorder>false</allowColumnReorder>
<existDependencyGenerateInDDl>true</existDependencyGenerateInDDl>
<parsed>true</parsed>
<columns itemClass="oracle.dbtools.crest.model.design.relational.Column">
<Column name="sk_tempo" id="F403DAD8-A5A8-E5F1-9660-575876A11860">
<createdBy>Junior</createdBy>
<createdTime>2022-11-23 18:28:54 UTC</createdTime>
<comment><![CDATA[Essa coluna irá armazenar a chave Surrogate da tabela Dimensao Tempo. Campo numerico sequencial]]></comment>
<commentInRDBMS><![CDATA[Essa coluna irá armazenar a chave Surrogate da tabela Dimensao Tempo. Campo numerico sequencial]]></commentInRDBMS>
<generatorID>98EF171D-29F1-F3FA-657A-26413E142491</generatorID>
<ownerDesignName>SGV_LOGICO</ownerDesignName>
<useDomainConstraints>false</useDomainConstraints>
<use>1</use>
<logicalDatatype>LOGDT019</logicalDatatype>
<dataTypePrecision>10</dataTypePrecision>
<ownDataTypeParameters>,10,</ownDataTypeParameters>
<autoIncrementCycle>false</autoIncrementCycle>
</Column>
<Column name="dt_visualizacao" id="CDB528A5-3F29-A635-8F25-1F1D276B7A02">
<createdBy>Junior</createdBy>
<createdTime>2022-11-23 18:28:54 UTC</createdTime>
<comment><![CDATA[Esse campo irá armazenar a data da visualizacao. Campo date, obrigatorio]]></comment>
<commentInRDBMS><![CDATA[Esse campo irá armazenar a data da visualizacao. Campo date, obrigatorio]]></commentInRDBMS>
<generatorID>094A1BB7-1C5A-9C14-1500-33B48FACF1A1</generatorID>
<ownerDesignName>SGV_LOGICO</ownerDesignName>
<useDomainConstraints>false</useDomainConstraints>
<use>1</use>
<logicalDatatype>LOGDT007</logicalDatatype>
<ownDataTypeParameters>,,</ownDataTypeParameters>
<autoIncrementCycle>false</autoIncrementCycle>
</Column>
<Column name="nr_ano" id="1DDF309C-7DE4-5EFC-BB7B-2394E14CFD95">
<createdBy>Junior</createdBy>
<createdTime>2022-11-23 18:28:54 UTC</createdTime>
<comment><![CDATA[Esse campo irá armazenar o ano ex:(2022) da visualizacao. Campo numeric 4 posicoes, obrigatorio.]]></comment>
<commentInRDBMS><![CDATA[Esse campo irá armazenar o ano ex:(2022) da visualizacao. Campo numeric 4 posicoes, obrigatorio.]]></commentInRDBMS>
<generatorID>CD7EFD32-0324-EC74-CA8A-FA5A2EC1B673</generatorID>
<ownerDesignName>SGV_LOGICO</ownerDesignName>
<useDomainConstraints>false</useDomainConstraints>
<use>1</use>
<logicalDatatype>LOGDT019</logicalDatatype>
<dataTypePrecision>4</dataTypePrecision>
<ownDataTypeParameters>,4,</ownDataTypeParameters>
<autoIncrementCycle>false</autoIncrementCycle>
</Column>
<Column name="nr_mes" id="81612565-141B-591C-E2C8-E7BF0BB06347">
<createdBy>Junior</createdBy>
<createdTime>2022-11-23 18:28:54 UTC</createdTime>
<comment><![CDATA[Esse campo irá armazenar o mes ex:(08) da visualizacao. Campo numeric 2 posicoes, obrigatorio.]]></comment>
<commentInRDBMS><![CDATA[Esse campo irá armazenar o mes ex:(08) da visualizacao. Campo numeric 2 posicoes, obrigatorio.]]></commentInRDBMS>
<generatorID>AC289A06-43ED-0018-8676-6B78F3F1186A</generatorID>
<ownerDesignName>SGV_LOGICO</ownerDesignName>
<useDomainConstraints>false</useDomainConstraints>
<use>1</use>
<logicalDatatype>LOGDT019</logicalDatatype>
<dataTypePrecision>2</dataTypePrecision>
<ownDataTypeParameters>,2,</ownDataTypeParameters>
<autoIncrementCycle>false</autoIncrementCycle>
</Column>
<Column name="nr_dia" id="4ED26A25-CAC8-6DEA-747E-9F1A44EB767F">
<createdBy>Junior</createdBy>
<createdTime>2022-11-23 18:28:54 UTC</createdTime>
<comment><![CDATA[Esse campo irá armazenar o dia ex:(25) da visualizacao. Campo numeric 2 posicoes, obrigatorio.]]></comment>
<commentInRDBMS><![CDATA[Esse campo irá armazenar o dia ex:(25) da visualizacao. Campo numeric 2 posicoes, obrigatorio.]]></commentInRDBMS>
<generatorID>EC9F9A8E-8DE0-4B7F-5048-2A77DDD90D9A</generatorID>
<ownerDesignName>SGV_LOGICO</ownerDesignName>
<useDomainConstraints>false</useDomainConstraints>
<use>1</use>
<logicalDatatype>LOGDT019</logicalDatatype>
<dataTypePrecision>2</dataTypePrecision>
<ownDataTypeParameters>,2,</ownDataTypeParameters>
<autoIncrementCycle>false</autoIncrementCycle>
</Column>
<Column name="ds_dia_semana" id="1584AC26-2544-4CDC-944A-37B6DA1C83CA">
<createdBy>Junior</createdBy>
<createdTime>2022-11-23 18:28:54 UTC</createdTime>
<comment><![CDATA[Esse campo irá armazenar o dia da semana por extenso:

Segunda - Feira
Terça - Feira
Quarta - Feira
Quinta - Feira
Sexta - Feira
Sabado
Domingo]]></comment>
<commentInRDBMS><![CDATA[Esse campo irá armazenar o dia da semana por extenso:

Segunda - Feira
Terça - Feira
Quarta - Feira
Quinta - Feira
Sexta - Feira
Sabado
Domingo]]></commentInRDBMS>
<generatorID>F3E5A01C-C1C8-845E-82A9-99BBE90154B3</generatorID>
<ownerDesignName>SGV_LOGICO</ownerDesignName>
<useDomainConstraints>false</useDomainConstraints>
<use>1</use>
<logicalDatatype>LOGDT024</logicalDatatype>
<dataTypeSize>15</dataTypeSize>
<ownDataTypeParameters>15,,</ownDataTypeParameters>
<autoIncrementCycle>false</autoIncrementCycle>
</Column>
<Column name="nm_mes_extenso" id="CA80C391-3CEB-7DA7-C57B-37231042CB29">
<createdBy>Junior</createdBy>
<createdTime>2022-11-23 18:28:54 UTC</createdTime>
<comment><![CDATA[Esse campo irá armazenar o nome do mes por extenso:

Janeiro - Fevereiro - Marco - Abril - Maio - Junho - Julho - Agosto - Setembro - Outubro -
Novembro - Dezembro]]></comment>
<commentInRDBMS><![CDATA[Esse campo irá armazenar o nome do mes por extenso:

Janeiro - Fevereiro - Marco - Abril - Maio - Junho - Julho - Agosto - Setembro - Outubro -
Novembro - Dezembro]]></commentInRDBMS>
<generatorID>28A2845D-DAB0-A96C-429C-F0BCEF76B943</generatorID>
<ownerDesignName>SGV_LOGICO</ownerDesignName>
<useDomainConstraints>false</useDomainConstraints>
<use>1</use>
<logicalDatatype>LOGDT024</logicalDatatype>
<dataTypeSize>18</dataTypeSize>
<ownDataTypeParameters>18,,</ownDataTypeParameters>
<autoIncrementCycle>false</autoIncrementCycle>
</Column>
<Column name="ds_semestre" id="5CCDB35B-A5F5-FBF7-96D2-83424432A4DA">
<createdBy>Junior</createdBy>
<createdTime>2022-11-23 18:28:54 UTC</createdTime>
<comment><![CDATA[Esse campo irá armazenar o nome do semestre por extenso:

Primeiro Semestre:   Janeiro - Fevereiro - Marco - Abril - Maio - Junho 

Segundo Semestre: Julho - Agosto - Setembro - Outubro - Novembro - Dezembro]]></comment>
<commentInRDBMS><![CDATA[Esse campo irá armazenar o nome do semestre por extenso:

Primeiro Semestre:   Janeiro - Fevereiro - Marco - Abril - Maio - Junho 

Segundo Semestre: Julho - Agosto - Setembro - Outubro - Novembro - Dezembro]]></commentInRDBMS>
<generatorID>DD6F0FDB-5F2B-54D3-1CCC-48EFB281A901</generatorID>
<ownerDesignName>SGV_LOGICO</ownerDesignName>
<useDomainConstraints>false</useDomainConstraints>
<use>1</use>
<logicalDatatype>LOGDT024</logicalDatatype>
<dataTypeSize>20</dataTypeSize>
<ownDataTypeParameters>20,,</ownDataTypeParameters>
<autoIncrementCycle>false</autoIncrementCycle>
</Column>
<Column name="ds_trimestre" id="E882B1FD-A8FA-0384-26AD-4F9DD9241B45">
<createdBy>Junior</createdBy>
<createdTime>2022-11-26 16:10:25 UTC</createdTime>
<comment><![CDATA[Esse campo irá armazenar o nome do Trimestre por extenso:

Primeiro Trimestre:   Janeiro - Fevereiro - Marco 
Segundo Trimestre: Abril - Maio - Junho 
Terceiro Trimestre: Julho - Agosto - Setembro 
Quarto Trimestre: Outubro - Novembro - Dezembro]]></comment>
<commentInRDBMS><![CDATA[Esse campo irá armazenar o nome do Trimestre por extenso:

Primeiro Trimestre:   Janeiro - Fevereiro - Marco 
Segundo Trimestre: Abril - Maio - Junho 
Terceiro Trimestre: Julho - Agosto - Setembro 
Quarto Trimestre: Outubro - Novembro - Dezembro]]></commentInRDBMS>
<generatorID>5DC3FF38-F24B-9921-C461-9FDC5DF76941</generatorID>
<ownerDesignName>SGV_LOGICO</ownerDesignName>
<useDomainConstraints>false</useDomainConstraints>
<use>1</use>
<logicalDatatype>LOGDT024</logicalDatatype>
<dataTypeSize>20</dataTypeSize>
<ownDataTypeParameters>20,,</ownDataTypeParameters>
<autoIncrementCycle>false</autoIncrementCycle>
</Column>
<Column name="st_feriado_nacional" id="5B7875A7-6C86-FBA6-5EEB-90B3CCBF9CEE">
<createdBy>Junior</createdBy>
<createdTime>2022-11-23 18:28:54 UTC</createdTime>
<comment><![CDATA[Esse campo irá armazenar se é feriado nacional: Sim  -  Nao
Campo Varchar de 3 poicoes]]></comment>
<commentInRDBMS><![CDATA[Esse campo irá armazenar se é feriado nacional: Sim  -  Nao
Campo Varchar de 3 poicoes]]></commentInRDBMS>
<generatorID>38607CE1-92D2-0779-3EF5-9925706E53B7</generatorID>
<ownerDesignName>SGV_LOGICO</ownerDesignName>
<nullsAllowed>true</nullsAllowed>
<useDomainConstraints>false</useDomainConstraints>
<use>1</use>
<logicalDatatype>LOGDT024</logicalDatatype>
<dataTypeSize>3</dataTypeSize>
<ownDataTypeParameters>3,,</ownDataTypeParameters>
<autoIncrementCycle>false</autoIncrementCycle>
</Column>
<Column name="horario_acesso" id="483279FD-E52A-2EA3-A38D-509AB69F3B14">
<createdBy>Junior</createdBy>
<createdTime>2022-11-26 16:10:25 UTC</createdTime>
<comment><![CDATA[Esse campo irá armazenar o Horario de acesso detalhado: Hora - Minuto - Segundos.]]></comment>
<commentInRDBMS><![CDATA[Esse campo irá armazenar o Horario de acesso detalhado: Hora - Minuto - Segundos.]]></commentInRDBMS>
<generatorID>BEBA5A84-3CD9-FE12-0208-6432C2557793</generatorID>
<ownerDesignName>SGV_LOGICO</ownerDesignName>
<useDomainConstraints>false</useDomainConstraints>
<use>1</use>
<logicalDatatype>LOGDT015</logicalDatatype>
<dataTypePrecision>6</dataTypePrecision>
<ownDataTypeParameters>,6,</ownDataTypeParameters>
<autoIncrementCycle>false</autoIncrementCycle>
</Column>
</columns>
<indexes itemClass="oracle.dbtools.crest.model.design.relational.Index">
<ind_PK_UK id="3981B1A5-111B-96A9-EB1B-794D8E9053DB" name="DIM_TEMPO_PK">
<createdBy>Junior</createdBy>
<createdTime>2022-11-23 18:28:54 UTC</createdTime>
<generatorID>B19D68FF-FD7F-3220-C935-E0239F79D6E5</generatorID>
<ownerDesignName>SGV_LOGICO</ownerDesignName>
<pk>true</pk>
<indexState>Primary Constraint</indexState>
<isSurrogateKey>false</isSurrogateKey>
<indexColumnUsage>
<colUsage columnID="F403DAD8-A5A8-E5F1-9660-575876A11860"/>
</indexColumnUsage>
</ind_PK_UK>
</indexes>
</Table>