<?xml version = '1.0' encoding = 'UTF-8'?>
<Table class="oracle.dbtools.crest.model.design.relational.Table" directorySegmentName="seg_0" id="E88027F1-3814-76AD-8C5C-A321747F4BDA" name="DIM_CLIENTE">
<createdBy>Junior</createdBy>
<createdTime>2022-11-23 18:28:54 UTC</createdTime>
<generatorID>B154EE9E-8275-FB34-2AE0-BAD130B0EC0F</generatorID>
<ownerDesignName>SGV_LOGICO</ownerDesignName>
<typeID>2</typeID>
<allowColumnReorder>false</allowColumnReorder>
<existDependencyGenerateInDDl>true</existDependencyGenerateInDDl>
<parsed>true</parsed>
<columns itemClass="oracle.dbtools.crest.model.design.relational.Column">
<Column name="sk_cliente" id="BB6CAA4D-7D1F-AAD0-03B3-4250B41D6AD8">
<createdBy>Junior</createdBy>
<createdTime>2022-11-23 18:28:54 UTC</createdTime>
<commentInRDBMS><![CDATA[Essa coluna irá armazenar a chave Surrogate da tabela Dimensao Cliente. Campo numerico sequencial]]></commentInRDBMS>
<generatorID>5CD6456F-775C-20AC-39B9-505CE635CD66</generatorID>
<ownerDesignName>SGV_LOGICO</ownerDesignName>
<useDomainConstraints>false</useDomainConstraints>
<use>1</use>
<logicalDatatype>LOGDT019</logicalDatatype>
<dataTypePrecision>10</dataTypePrecision>
<ownDataTypeParameters>,10,</ownDataTypeParameters>
<autoIncrementCycle>false</autoIncrementCycle>
</Column>
<Column name="nr_cliente" id="DCC4866A-03C2-96E0-8ACE-6B0830461FE2">
<createdBy>Junior</createdBy>
<createdTime>2022-11-23 18:28:54 UTC</createdTime>
<comment><![CDATA[Essa coluna irá armazenar o código único do cliente na plataforma ecommerce da Melhores Compras. Seu conteúdo deve ser obrigatório]]></comment>
<commentInRDBMS><![CDATA[Essa coluna irá armazenar o código único do cliente na plataforma ecommerce da Melhores Compras. Seu conteúdo deve ser obrigatório]]></commentInRDBMS>
<generatorID>9A1AB09D-CCCF-5EDA-2498-11E9050086DC</generatorID>
<ownerDesignName>SGV_LOGICO</ownerDesignName>
<useDomainConstraints>false</useDomainConstraints>
<use>1</use>
<logicalDatatype>LOGDT019</logicalDatatype>
<dataTypePrecision>10</dataTypePrecision>
<ownDataTypeParameters>,10,</ownDataTypeParameters>
<autoIncrementCycle>false</autoIncrementCycle>
</Column>
<Column name="nm_cliente" id="189CFEA5-F5F9-9624-D0DE-DB5BB4E23830">
<createdBy>Junior</createdBy>
<createdTime>2022-11-23 18:28:54 UTC</createdTime>
<comment><![CDATA[Essa coluna irá armazenar o nome do cliente na plataforma ecommerce da Melhores Compras. Seu conteúdo deve ser obrigatório.]]></comment>
<commentInRDBMS><![CDATA[Essa coluna irá armazenar o nome do cliente na plataforma ecommerce da Melhores Compras. Seu conteúdo deve ser obrigatório.]]></commentInRDBMS>
<generatorID>74879A6E-D5C5-BE62-2D73-729C3044CCA1</generatorID>
<ownerDesignName>SGV_LOGICO</ownerDesignName>
<useDomainConstraints>false</useDomainConstraints>
<use>1</use>
<logicalDatatype>LOGDT024</logicalDatatype>
<dataTypeSize>80</dataTypeSize>
<ownDataTypeParameters>80,,</ownDataTypeParameters>
<autoIncrementCycle>false</autoIncrementCycle>
</Column>
<Column name="qt_estrelas" id="D904FFD9-4BF7-B66D-FE5C-ECE4301AD0AC">
<createdBy>Junior</createdBy>
<createdTime>2022-11-27 15:58:13 UTC</createdTime>
<comment><![CDATA[Essa coluna irá armazenar a quantiade de estrelas do cliente na plataforma ecommerce da Melhores Compras.Seu conteúdo deve ser obrigatório e ser possível de estar entre 1 e 5 estrelas.]]></comment>
<commentInRDBMS><![CDATA[Essa coluna irá armazenar a quantiade de estrelas do cliente na plataforma ecommerce da Melhores Compras.Seu conteúdo deve ser obrigatório e ser possível de estar entre 1 e 5 estrelas.]]></commentInRDBMS>
<generatorID>01EEB621-F1F0-C9BF-DED9-FF10AF1F0774</generatorID>
<ownerDesignName>SGV_LOGICO</ownerDesignName>
<nullsAllowed>true</nullsAllowed>
<useDomainConstraints>false</useDomainConstraints>
<use>1</use>
<logicalDatatype>LOGDT019</logicalDatatype>
<dataTypePrecision>1</dataTypePrecision>
<ownDataTypeParameters>,1,</ownDataTypeParameters>
<autoIncrementCycle>false</autoIncrementCycle>
</Column>
<Column name="tp_cliente_fisica_juridica" id="6F3F0094-38A0-0CD9-7E1C-2579C64AFBAB">
<createdBy>Junior</createdBy>
<createdTime>2022-11-27 15:58:13 UTC</createdTime>
<comment><![CDATA[Essa coluna irá armazenar o status de tipo de cliente da Melhores Compras. Campo de escolha de 1 Caracter
Cliente Pessoa Fisica (F)
Cliente Juridico (J)]]></comment>
<commentInRDBMS><![CDATA[Essa coluna irá armazenar o status de tipo de cliente da Melhores Compras. Campo de escolha de 1 Caracter
Cliente Pessoa Fisica (F)
Cliente Juridico (J)]]></commentInRDBMS>
<generatorID>B8464B2A-77D2-8ED6-50EB-38F3306EAD8A</generatorID>
<ownerDesignName>SGV_LOGICO</ownerDesignName>
<useDomainConstraints>false</useDomainConstraints>
<use>1</use>
<logicalDatatype>LOGDT025</logicalDatatype>
<dataTypeSize>1</dataTypeSize>
<ownDataTypeParameters>1,,</ownDataTypeParameters>
<autoIncrementCycle>false</autoIncrementCycle>
</Column>
<Column name="nr_cpf" id="F6F5C3E5-6C31-8BF1-0614-2B8309FE4C21">
<createdBy>Junior</createdBy>
<createdTime>2022-11-23 18:28:54 UTC</createdTime>
<comment><![CDATA[Essa coluna irá armazenar o número do CPF do cliente na plataforma ecommerce da Melhores Compras.Seu conteúdo deve ser obrigatório caso cliente fisico.]]></comment>
<commentInRDBMS><![CDATA[Essa coluna irá armazenar o número do CPF do cliente na plataforma ecommerce da Melhores Compras.Seu conteúdo deve ser obrigatório caso cliente fisico.]]></commentInRDBMS>
<generatorID>1B03A63E-22E6-BFD5-728F-D6417654F3D1</generatorID>
<ownerDesignName>SGV_LOGICO</ownerDesignName>
<nullsAllowed>true</nullsAllowed>
<useDomainConstraints>false</useDomainConstraints>
<use>1</use>
<logicalDatatype>LOGDT019</logicalDatatype>
<dataTypePrecision>11</dataTypePrecision>
<ownDataTypeParameters>,11,</ownDataTypeParameters>
<autoIncrementCycle>false</autoIncrementCycle>
</Column>
<Column name="dt_nascimento" id="C5D6BE5E-4836-9249-D25F-C23AF12C941F">
<createdBy>Junior</createdBy>
<createdTime>2022-11-26 16:10:25 UTC</createdTime>
<comment><![CDATA[Essa coluna irá armazenar a data de nascimento do cliente na plataforma ecommerce da Melhores Compras.Seu conteúdo deve ser obrigatório caso cliente fisico]]></comment>
<commentInRDBMS><![CDATA[Essa coluna irá armazenar a data de nascimento do cliente na plataforma ecommerce da Melhores Compras.Seu conteúdo deve ser obrigatório caso cliente fisico]]></commentInRDBMS>
<generatorID>496044ED-8DEC-72EE-2A10-65559BD8D925</generatorID>
<ownerDesignName>SGV_LOGICO</ownerDesignName>
<nullsAllowed>true</nullsAllowed>
<useDomainConstraints>false</useDomainConstraints>
<use>1</use>
<logicalDatatype>LOGDT007</logicalDatatype>
<ownDataTypeParameters>,,</ownDataTypeParameters>
<autoIncrementCycle>false</autoIncrementCycle>
</Column>
<Column name="nr_cnpj" id="5EE60365-27A3-E4A5-0BAC-BA2736D6418D">
<createdBy>Junior</createdBy>
<createdTime>2022-11-26 16:10:25 UTC</createdTime>
<comment><![CDATA[Essa coluna irá armazenar o  numero do CNPJ do cliente na plataforma ecommerce da Melhores Compras.Seu conteúdo deve ser obrigatório caso cliente juridico]]></comment>
<commentInRDBMS><![CDATA[Essa coluna irá armazenar o  numero do CNPJ do cliente na plataforma ecommerce da Melhores Compras.Seu conteúdo deve ser obrigatório caso cliente juridico]]></commentInRDBMS>
<generatorID>6B84F228-CD07-91DC-349C-CA99F8840097</generatorID>
<ownerDesignName>SGV_LOGICO</ownerDesignName>
<nullsAllowed>true</nullsAllowed>
<useDomainConstraints>false</useDomainConstraints>
<use>1</use>
<logicalDatatype>LOGDT019</logicalDatatype>
<dataTypePrecision>14</dataTypePrecision>
<ownDataTypeParameters>,14,</ownDataTypeParameters>
<autoIncrementCycle>false</autoIncrementCycle>
</Column>
<Column name="nr_inscr_est" id="BAA731C8-79A7-894A-0419-6C03586ADB00">
<createdBy>Junior</createdBy>
<createdTime>2022-11-27 15:58:13 UTC</createdTime>
<comment><![CDATA[Essa coluna irá armazenar o  numero da Inscrição Estadual  do cliente na plataforma ecommerce da Melhores Compras.Seu conteúdo deve ser opcional]]></comment>
<commentInRDBMS><![CDATA[Essa coluna irá armazenar o  numero da Inscrição Estadual  do cliente na plataforma ecommerce da Melhores Compras.Seu conteúdo deve ser opcional]]></commentInRDBMS>
<generatorID>7E176DAF-4B54-2106-1CB4-C4F328961504</generatorID>
<ownerDesignName>SGV_LOGICO</ownerDesignName>
<nullsAllowed>true</nullsAllowed>
<useDomainConstraints>false</useDomainConstraints>
<use>1</use>
<logicalDatatype>LOGDT024</logicalDatatype>
<dataTypeSize>15</dataTypeSize>
<ownDataTypeParameters>15,,</ownDataTypeParameters>
<autoIncrementCycle>false</autoIncrementCycle>
</Column>
<Column name="dt_fundacao" id="D875A34A-33BA-BCB2-A6AC-DD3003668617">
<createdBy>Junior</createdBy>
<createdTime>2022-11-26 17:30:34 UTC</createdTime>
<comment><![CDATA[Essa coluna irá armazenar data  de fundação do cliente na plataforma ecommerce da Melhores Compras.Seu conteúdo deve ser obrigatório caso cliente juridico]]></comment>
<commentInRDBMS><![CDATA[Essa coluna irá armazenar data  de fundação do cliente na plataforma ecommerce da Melhores Compras.Seu conteúdo deve ser obrigatório caso cliente juridico]]></commentInRDBMS>
<ownerDesignName>SGV_LOGICO</ownerDesignName>
<nullsAllowed>true</nullsAllowed>
<useDomainConstraints>false</useDomainConstraints>
<use>1</use>
<logicalDatatype>LOGDT007</logicalDatatype>
<ownDataTypeParameters>,,</ownDataTypeParameters>
<autoIncrementCycle>false</autoIncrementCycle>
</Column>
<Column name="fl_sexo_biologico" id="E1084D31-E8DE-B9E2-0281-6625702A2C1A">
<createdBy>Junior</createdBy>
<createdTime>2022-11-27 15:58:13 UTC</createdTime>
<comment><![CDATA[Essa coluna irá armazenar o sexo biológico do cliente na plataforma ecommerce da Melhores Compras.Seu conteúdo deve ser obrigatório. Campo escolha de 1 caracteres.

Feminino (F)
Masculino (M)
]]></comment>
<commentInRDBMS><![CDATA[Essa coluna irá armazenar o sexo biológico do cliente na plataforma ecommerce da Melhores Compras.Seu conteúdo deve ser obrigatório. Campo escolha de 1 caracteres.

Feminino (F)
Masculino (M)
]]></commentInRDBMS>
<generatorID>0680AB4F-14EE-B2D8-0F6A-B7E927DF3DE7</generatorID>
<ownerDesignName>SGV_LOGICO</ownerDesignName>
<nullsAllowed>true</nullsAllowed>
<useDomainConstraints>false</useDomainConstraints>
<use>1</use>
<logicalDatatype>LOGDT025</logicalDatatype>
<dataTypeSize>1</dataTypeSize>
<ownDataTypeParameters>1,,</ownDataTypeParameters>
<autoIncrementCycle>false</autoIncrementCycle>
</Column>
<Column name="ds_genero" id="1BEF743F-4976-5D56-6A0A-426C01B370D0">
<createdBy>Junior</createdBy>
<createdTime>2022-11-23 18:28:54 UTC</createdTime>
<comment><![CDATA[Genero do sexo do Cliente. Seu conteúdo deve ser obrigatório.]]></comment>
<commentInRDBMS><![CDATA[Genero do sexo do Cliente. Seu conteúdo deve ser obrigatório.]]></commentInRDBMS>
<generatorID>6FB35A50-37E6-B89B-9C8B-4E340DE34760</generatorID>
<ownerDesignName>SGV_LOGICO</ownerDesignName>
<nullsAllowed>true</nullsAllowed>
<useDomainConstraints>false</useDomainConstraints>
<use>1</use>
<logicalDatatype>LOGDT024</logicalDatatype>
<dataTypeSize>20</dataTypeSize>
<ownDataTypeParameters>20,,</ownDataTypeParameters>
<autoIncrementCycle>false</autoIncrementCycle>
</Column>
<Column name="dt_inicio_endereco" id="DB9D004A-0A7F-3AA6-3498-6C562F3783A8">
<createdBy>Junior</createdBy>
<createdTime>2022-11-27 19:36:22 UTC</createdTime>
<comment><![CDATA[Data de início do endereço associado ao cliente.
Campo alimentado pela tabela T_MC_END_CLI]]></comment>
<commentInRDBMS><![CDATA[Data de início do endereço associado ao cliente.
Campo alimentado pela tabela T_MC_END_CLI]]></commentInRDBMS>
<generatorID>BDFBD97B-C607-7364-8C85-D366E359C1D3</generatorID>
<ownerDesignName>SGV_LOGICO</ownerDesignName>
<useDomainConstraints>false</useDomainConstraints>
<use>1</use>
<logicalDatatype>LOGDT007</logicalDatatype>
<ownDataTypeParameters>,,</ownDataTypeParameters>
<autoIncrementCycle>false</autoIncrementCycle>
</Column>
<Column name="vl_medio_compra" id="2C41C6F8-5E60-1D89-7489-D7EF4AFFE0AC">
<createdBy>Junior</createdBy>
<createdTime>2022-11-27 15:58:13 UTC</createdTime>
<comment><![CDATA[Essa coluna irá armazenar o valor  médio de gastos f eito pelo cliente na plataforma ecommerce da Melhores Compras.Seu conteúdo deve ser obrigatório e deve ser calculado diariamente.]]></comment>
<commentInRDBMS><![CDATA[Essa coluna irá armazenar o valor  médio de gastos f eito pelo cliente na plataforma ecommerce da Melhores Compras.Seu conteúdo deve ser obrigatório e deve ser calculado diariamente.]]></commentInRDBMS>
<generatorID>876D2253-E6C9-8219-B82A-5A5B1A2904DA</generatorID>
<ownerDesignName>SGV_LOGICO</ownerDesignName>
<nullsAllowed>true</nullsAllowed>
<useDomainConstraints>false</useDomainConstraints>
<use>1</use>
<logicalDatatype>LOGDT019</logicalDatatype>
<dataTypePrecision>10</dataTypePrecision>
<dataTypeScale>2</dataTypeScale>
<ownDataTypeParameters>,10,2</ownDataTypeParameters>
<autoIncrementCycle>false</autoIncrementCycle>
</Column>
<Column name="nr_telefone" id="4762878F-2B42-B233-CACB-1E7FBF503BF1">
<createdBy>Junior</createdBy>
<createdTime>2022-11-27 15:58:13 UTC</createdTime>
<comment><![CDATA[Essa coluna irá armazenar o número do cliente da Melhorees Compras. A mascara de armazenamento deve ser: (<nr_ddd>) 99999-9999 e  deve ser utilizada pré definida.]]></comment>
<commentInRDBMS><![CDATA[Essa coluna irá armazenar o número do cliente da Melhorees Compras. A mascara de armazenamento deve ser: (<nr_ddd>) 99999-9999 e  deve ser utilizada pré definida.]]></commentInRDBMS>
<generatorID>0EF48C3C-2FD3-0727-08F1-9768AE20AF43</generatorID>
<ownerDesignName>SGV_LOGICO</ownerDesignName>
<nullsAllowed>true</nullsAllowed>
<useDomainConstraints>false</useDomainConstraints>
<use>1</use>
<logicalDatatype>LOGDT024</logicalDatatype>
<dataTypeSize>20</dataTypeSize>
<ownDataTypeParameters>20,,</ownDataTypeParameters>
<autoIncrementCycle>false</autoIncrementCycle>
</Column>
<Column name="nm_login" id="9B8EF777-E3EE-601C-007B-E30582D3598E">
<createdBy>Junior</createdBy>
<createdTime>2022-11-27 15:58:13 UTC</createdTime>
<comment><![CDATA[Essa coluna irá armazenar o login de cada cliente na plataforma ecommerce da Melhores Compras. Seu conteúdo deve ser obrigatório e  único para cada cliente.]]></comment>
<commentInRDBMS><![CDATA[Essa coluna irá armazenar o login de cada cliente na plataforma ecommerce da Melhores Compras. Seu conteúdo deve ser obrigatório e  único para cada cliente.]]></commentInRDBMS>
<generatorID>D6385627-83F6-B198-C915-FD378C2567A7</generatorID>
<ownerDesignName>SGV_LOGICO</ownerDesignName>
<useDomainConstraints>false</useDomainConstraints>
<use>1</use>
<logicalDatatype>LOGDT024</logicalDatatype>
<dataTypeSize>50</dataTypeSize>
<ownDataTypeParameters>50,,</ownDataTypeParameters>
<autoIncrementCycle>false</autoIncrementCycle>
</Column>
<Column name="ds_senha" id="9021A618-D2C4-7833-83D1-E9168EA8F392">
<createdBy>Junior</createdBy>
<createdTime>2022-11-27 15:58:13 UTC</createdTime>
<comment><![CDATA[Essa coluna irá armazenar a senha de cada cliente na plataforma ecommerce da Melhores Compras.Seu conteúdo deve ser obrigatório.]]></comment>
<commentInRDBMS><![CDATA[Essa coluna irá armazenar a senha de cada cliente na plataforma ecommerce da Melhores Compras.Seu conteúdo deve ser obrigatório.]]></commentInRDBMS>
<generatorID>59393DDC-3A0A-9C10-4F38-403E0D867E60</generatorID>
<ownerDesignName>SGV_LOGICO</ownerDesignName>
<useDomainConstraints>false</useDomainConstraints>
<use>1</use>
<logicalDatatype>LOGDT024</logicalDatatype>
<dataTypeSize>50</dataTypeSize>
<ownDataTypeParameters>50,,</ownDataTypeParameters>
<autoIncrementCycle>false</autoIncrementCycle>
</Column>
</columns>
<indexes itemClass="oracle.dbtools.crest.model.design.relational.Index">
<ind_PK_UK id="75F02BCF-C779-F211-48A6-9831E1D36DCB" name="DIM_CLIENTE_PK">
<createdBy>Junior</createdBy>
<createdTime>2022-11-23 18:28:54 UTC</createdTime>
<generatorID>7A8E5B5E-A954-8971-8156-843C094B7666</generatorID>
<ownerDesignName>SGV_LOGICO</ownerDesignName>
<pk>true</pk>
<indexState>Primary Constraint</indexState>
<isSurrogateKey>false</isSurrogateKey>
<indexColumnUsage>
<colUsage columnID="BB6CAA4D-7D1F-AAD0-03B3-4250B41D6AD8"/>
</indexColumnUsage>
</ind_PK_UK>
</indexes>
</Table>