<?xml version = '1.0' encoding = 'UTF-8'?>
<Relation class="oracle.dbtools.crest.model.design.logical.Relation" name="DIM_REGIAO_FATO" directorySegmentName="seg_0" id="1B770E84-9604-2B6B-EEE2-F9EA364DAD03">
<createdBy>Junior</createdBy>
<createdTime>2022-11-27 15:51:01 UTC</createdTime>
<ownerDesignName>SGV_LOGICO</ownerDesignName>
<engineerTo>
<item key="EF61DE2A-F13A-1648-CB6D-CDC78C7AC393" value="true"/>
</engineerTo>
<sourcePk>908A18CB-58E3-3867-FF35-D9633D2EF3CC</sourcePk>
<identifying>false</identifying>
<optionalSource>true</optionalSource>
<optionalTarget>false</optionalTarget>
<sourceCardinality>1</sourceCardinality>
<sourceEntity>67238939-C33D-F522-2D8A-AE0BE65D5E02</sourceEntity>
<targetCardinalityString>*</targetCardinalityString>
<targetEntity>B78D9B0D-7F43-D9DD-DDBB-893E12E7C28B</targetEntity>
<transferable>true</transferable>
<deleteRule>NO ACTION</deleteRule>
</Relation>