<?xml version = '1.0' encoding = 'UTF-8'?>
<Relation class="oracle.dbtools.crest.model.design.logical.Relation" name="DIM_CLIENTE_FATO" directorySegmentName="seg_0" id="3DE31463-72EA-56BB-F35A-1997E19A2EC0">
<createdBy>Junior</createdBy>
<createdTime>2022-11-27 15:50:47 UTC</createdTime>
<ownerDesignName>SGV_LOGICO</ownerDesignName>
<engineerTo>
<item key="EF61DE2A-F13A-1648-CB6D-CDC78C7AC393" value="true"/>
</engineerTo>
<sourcePk>7A8E5B5E-A954-8971-8156-843C094B7666</sourcePk>
<identifying>false</identifying>
<optionalSource>true</optionalSource>
<optionalTarget>false</optionalTarget>
<sourceCardinality>1</sourceCardinality>
<sourceEntity>B154EE9E-8275-FB34-2AE0-BAD130B0EC0F</sourceEntity>
<targetCardinalityString>*</targetCardinalityString>
<targetEntity>B78D9B0D-7F43-D9DD-DDBB-893E12E7C28B</targetEntity>
<transferable>true</transferable>
<deleteRule>NO ACTION</deleteRule>
</Relation>