<?xml version = '1.0' encoding = 'UTF-8'?>
<Relation class="oracle.dbtools.crest.model.design.logical.Relation" name="DIM_TEMPO_FATO" directorySegmentName="seg_0" id="3E3BFFA1-A734-9C63-1760-D3970CF7FB6B">
<createdBy>Junior</createdBy>
<createdTime>2022-11-27 15:51:28 UTC</createdTime>
<ownerDesignName>SGV_LOGICO</ownerDesignName>
<engineerTo>
<item key="EF61DE2A-F13A-1648-CB6D-CDC78C7AC393" value="true"/>
</engineerTo>
<sourcePk>B19D68FF-FD7F-3220-C935-E0239F79D6E5</sourcePk>
<identifying>false</identifying>
<optionalSource>true</optionalSource>
<optionalTarget>false</optionalTarget>
<sourceCardinality>1</sourceCardinality>
<sourceEntity>0EA57D36-6CAE-ABD1-9294-4F70A89D3FC6</sourceEntity>
<targetCardinalityString>*</targetCardinalityString>
<targetEntity>B78D9B0D-7F43-D9DD-DDBB-893E12E7C28B</targetEntity>
<transferable>true</transferable>
<deleteRule>NO ACTION</deleteRule>
</Relation>