<?xml version = '1.0' encoding = 'UTF-8'?>
<Relation class="oracle.dbtools.crest.model.design.logical.Relation" name="DIM_PRODUTO_FATO" directorySegmentName="seg_0" id="A0AA2AA9-2E12-43DE-3584-C870F9BF62F8">
<createdBy>Junior</createdBy>
<createdTime>2022-11-27 15:49:59 UTC</createdTime>
<ownerDesignName>SGV_LOGICO</ownerDesignName>
<engineerTo>
<item key="EF61DE2A-F13A-1648-CB6D-CDC78C7AC393" value="true"/>
</engineerTo>
<sourcePk>452FC3A0-E4F3-2F8C-1AAB-C5FFF5179E80</sourcePk>
<identifying>false</identifying>
<optionalSource>true</optionalSource>
<optionalTarget>false</optionalTarget>
<sourceCardinality>1</sourceCardinality>
<sourceEntity>7401C50C-A705-BFB9-AD0A-525AA4112712</sourceEntity>
<targetCardinalityString>*</targetCardinalityString>
<targetEntity>B78D9B0D-7F43-D9DD-DDBB-893E12E7C28B</targetEntity>
<transferable>true</transferable>
<deleteRule>NO ACTION</deleteRule>
</Relation>