<?xml version = '1.0' encoding = 'UTF-8'?>
<Relation class="oracle.dbtools.crest.model.design.logical.Relation" name="DIM_FAIXA_ETARI_FATO" directorySegmentName="seg_0" id="ED351BE4-E5E7-DBEB-2DA8-6A4DABCFC114">
<createdBy>Junior</createdBy>
<createdTime>2022-11-27 15:51:14 UTC</createdTime>
<ownerDesignName>SGV_LOGICO</ownerDesignName>
<engineerTo>
<item key="EF61DE2A-F13A-1648-CB6D-CDC78C7AC393" value="true"/>
</engineerTo>
<sourcePk>DC80CF47-7D65-B9B0-C46E-A63F5A53841D</sourcePk>
<identifying>false</identifying>
<optionalSource>true</optionalSource>
<optionalTarget>false</optionalTarget>
<sourceCardinality>1</sourceCardinality>
<sourceEntity>57F2812B-67F8-419F-5262-40C249BB5823</sourceEntity>
<targetCardinalityString>*</targetCardinalityString>
<targetEntity>B78D9B0D-7F43-D9DD-DDBB-893E12E7C28B</targetEntity>
<transferable>true</transferable>
<deleteRule>NO ACTION</deleteRule>
</Relation>