<?xml version = '1.0' encoding = 'UTF-8'?>
<Diagram class="oracle.dbtools.crest.swingui.logical.DPVLogical" name="Logical" id="288674E2-4202-C170-A38C-FC5BABE82A18">
<createdBy>Junior</createdBy>
<modifiedBy>Junior</modifiedBy>
<createdTime>2022-11-23 17:42:56 UTC</createdTime>
<autoRoute>false</autoRoute>
<boxInbox>true</boxInbox>
<showLegend>false</showLegend>
<showLabels>false</showLabels>
<showRelAttributes>false</showRelAttributes>
<gridEnabled>false</gridEnabled>
<showGrid>false</showGrid>
<diagramColor>-1</diagramColor>
<display>false</display>
<notation>2</notation>
<objectViews>
<OView class="oracle.dbtools.crest.swingui.logical.TVEntity" oid="0EA57D36-6CAE-ABD1-9294-4F70A89D3FC6" otype="Entity" vid="CE35AA06-49F6-A87A-2480-5B824C49DD46">
<hideElementsInCurrentOnly>false</hideElementsInCurrentOnly>
<bounds x="1062" y="168" width="257" height="239"/>
</OView>
<OView class="oracle.dbtools.crest.swingui.logical.TVEntity" oid="57F2812B-67F8-419F-5262-40C249BB5823" otype="Entity" vid="70D82562-06E0-D48F-C8E8-FD6DBAA8EC8D">
<hideElementsInCurrentOnly>false</hideElementsInCurrentOnly>
<bounds x="1060" y="476" width="260" height="190"/>
</OView>
<OView class="oracle.dbtools.crest.swingui.logical.TVEntity" oid="67238939-C33D-F522-2D8A-AE0BE65D5E02" otype="Entity" vid="9F2836CF-08FF-B01A-CC49-98AD6DEA5CDF">
<hideElementsInCurrentOnly>false</hideElementsInCurrentOnly>
<bounds x="125" y="551" width="248" height="169"/>
</OView>
<OView class="oracle.dbtools.crest.swingui.logical.TVEntity" oid="7401C50C-A705-BFB9-AD0A-525AA4112712" otype="Entity" vid="32AA312B-7673-E04B-85E7-C5B85C0782E0">
<hideElementsInCurrentOnly>false</hideElementsInCurrentOnly>
<bounds x="125" y="17" width="248" height="215"/>
</OView>
<OView class="oracle.dbtools.crest.swingui.logical.TVEntity" oid="B154EE9E-8275-FB34-2AE0-BAD130B0EC0F" otype="Entity" vid="92D90548-8847-3F2A-AE46-177A61612A46">
<hideElementsInCurrentOnly>false</hideElementsInCurrentOnly>
<bounds x="123" y="247" width="251" height="293"/>
</OView>
<OView class="oracle.dbtools.crest.swingui.logical.TVEntity" oid="B78D9B0D-7F43-D9DD-DDBB-893E12E7C28B" otype="Entity" vid="49258F71-0848-630D-9C0B-449325E52D81">
<hideElementsInCurrentOnly>false</hideElementsInCurrentOnly>
<bounds x="488" y="209" width="385" height="353"/>
</OView>
</objectViews>
<connectors>
<Connector class="oracle.dbtools.crest.swingui.logical.TVRelation" oid="1B770E84-9604-2B6B-EEE2-F9EA364DAD03" otype="Relation" vid_source="9F2836CF-08FF-B01A-CC49-98AD6DEA5CDF" vid_target="49258F71-0848-630D-9C0B-449325E52D81">
<hideElementsInCurrentOnly>false</hideElementsInCurrentOnly>
<backgroundColor>-16777216</backgroundColor>
<lineWidth>1</lineWidth>
<points>
<point x="373" y="662"/>
<point x="659" y="662"/>
<point x="659" y="562"/>
</points>
</Connector>
<Connector class="oracle.dbtools.crest.swingui.logical.TVRelation" oid="3DE31463-72EA-56BB-F35A-1997E19A2EC0" otype="Relation" vid_source="92D90548-8847-3F2A-AE46-177A61612A46" vid_target="49258F71-0848-630D-9C0B-449325E52D81">
<hideElementsInCurrentOnly>false</hideElementsInCurrentOnly>
<backgroundColor>-16777216</backgroundColor>
<lineWidth>1</lineWidth>
<points>
<point x="374" y="393"/>
<point x="488" y="393"/>
</points>
</Connector>
<Connector class="oracle.dbtools.crest.swingui.logical.TVRelation" oid="3E3BFFA1-A734-9C63-1760-D3970CF7FB6B" otype="Relation" vid_source="CE35AA06-49F6-A87A-2480-5B824C49DD46" vid_target="49258F71-0848-630D-9C0B-449325E52D81">
<hideElementsInCurrentOnly>false</hideElementsInCurrentOnly>
<backgroundColor>-16777216</backgroundColor>
<lineWidth>1</lineWidth>
<points>
<point x="1062" y="308"/>
<point x="873" y="308"/>
</points>
</Connector>
<Connector class="oracle.dbtools.crest.swingui.logical.TVRelation" oid="A0AA2AA9-2E12-43DE-3584-C870F9BF62F8" otype="Relation" vid_source="32AA312B-7673-E04B-85E7-C5B85C0782E0" vid_target="49258F71-0848-630D-9C0B-449325E52D81">
<hideElementsInCurrentOnly>false</hideElementsInCurrentOnly>
<backgroundColor>-16777216</backgroundColor>
<lineWidth>1</lineWidth>
<points>
<point x="373" y="109"/>
<point x="668" y="109"/>
<point x="668" y="209"/>
</points>
</Connector>
<Connector class="oracle.dbtools.crest.swingui.logical.TVRelation" oid="ED351BE4-E5E7-DBEB-2DA8-6A4DABCFC114" otype="Relation" vid_source="70D82562-06E0-D48F-C8E8-FD6DBAA8EC8D" vid_target="49258F71-0848-630D-9C0B-449325E52D81">
<hideElementsInCurrentOnly>false</hideElementsInCurrentOnly>
<backgroundColor>-16777216</backgroundColor>
<lineWidth>1</lineWidth>
<points>
<point x="1060" y="519"/>
<point x="873" y="519"/>
</points>
</Connector>
</connectors>
</Diagram>