<?xml version = '1.0' encoding = 'UTF-8'?>
<FKIndexAssociation class="oracle.dbtools.crest.model.design.relational.FKIndexAssociation" directorySegmentName="seg_0" id="49CEBC73-F1D0-2CC2-FE80-644EDD91506B" containerWithKeyObject="8E8FC437-F83A-BBEC-A5DC-D78935330EE1" localFKIndex="26670610-C1BC-5630-D14F-DA059F7E21E4" name="DIM_TEMPO_FATO">
<createdBy>Junior</createdBy>
<createdTime>2022-11-27 15:58:13 UTC</createdTime>
<generatorID>3E3BFFA1-A734-9C63-1760-D3970CF7FB6B</generatorID>
<ownerDesignName>SGV_LOGICO</ownerDesignName>
<referredTableLongName>DIM_TEMPO</referredTableLongName>
<deleteRule>NO ACTION</deleteRule>
<referredTableID>E48E2498-0A88-EFFD-E06E-E1FA63555528</referredTableID>
<keyObject>3981B1A5-111B-96A9-EB1B-794D8E9053DB</keyObject>
<referredKeyID>3981B1A5-111B-96A9-EB1B-794D8E9053DB</referredKeyID>
<mandatory>true</mandatory>
<refColNames>sk_tempo</refColNames>
<transferable>true</transferable>
<rely>false</rely>
<columnDependencyConstraintGenerateInDDL>true</columnDependencyConstraintGenerateInDDL>
</FKIndexAssociation>