<?xml version = '1.0' encoding = 'UTF-8'?>
<FKIndexAssociation class="oracle.dbtools.crest.model.design.relational.FKIndexAssociation" directorySegmentName="seg_0" id="8314195C-A3D8-7C2F-97CB-6BC811532D59" containerWithKeyObject="8E8FC437-F83A-BBEC-A5DC-D78935330EE1" localFKIndex="6DC9A0C2-0B75-D0BF-9694-777A2721FD66" name="DIM_CLIENTE_FATO">
<createdBy>Junior</createdBy>
<createdTime>2022-11-27 15:58:13 UTC</createdTime>
<generatorID>3DE31463-72EA-56BB-F35A-1997E19A2EC0</generatorID>
<ownerDesignName>SGV_LOGICO</ownerDesignName>
<referredTableLongName>DIM_CLIENTE</referredTableLongName>
<deleteRule>NO ACTION</deleteRule>
<referredTableID>E88027F1-3814-76AD-8C5C-A321747F4BDA</referredTableID>
<keyObject>75F02BCF-C779-F211-48A6-9831E1D36DCB</keyObject>
<referredKeyID>75F02BCF-C779-F211-48A6-9831E1D36DCB</referredKeyID>
<mandatory>true</mandatory>
<refColNames>sk_cliente</refColNames>
<transferable>true</transferable>
<rely>false</rely>
<columnDependencyConstraintGenerateInDDL>true</columnDependencyConstraintGenerateInDDL>
</FKIndexAssociation>