<?xml version = '1.0' encoding = 'UTF-8'?>
<FKIndexAssociation class="oracle.dbtools.crest.model.design.relational.FKIndexAssociation" directorySegmentName="seg_0" id="AC44049F-A265-5783-4A8A-5FF9D116974A" containerWithKeyObject="8E8FC437-F83A-BBEC-A5DC-D78935330EE1" localFKIndex="A34C9987-8BF4-0C83-F343-8CEDB367CB6F" name="DIM_PRODUTO_FATO">
<createdBy>Junior</createdBy>
<createdTime>2022-11-27 16:00:11 UTC</createdTime>
<generatorID>A0AA2AA9-2E12-43DE-3584-C870F9BF62F8</generatorID>
<ownerDesignName>SGV_LOGICO</ownerDesignName>
<referredTableLongName>DIM_PRODUTO</referredTableLongName>
<deleteRule>NO ACTION</deleteRule>
<referredTableID>65FCE061-0D6E-A016-5B10-5758CF48AD03</referredTableID>
<keyObject>1D3811AE-2847-F60A-40E1-6842ED8990FF</keyObject>
<referredKeyID>1D3811AE-2847-F60A-40E1-6842ED8990FF</referredKeyID>
<mandatory>true</mandatory>
<refColNames>sk_produto</refColNames>
<transferable>true</transferable>
<rely>false</rely>
<columnDependencyConstraintGenerateInDDL>true</columnDependencyConstraintGenerateInDDL>
</FKIndexAssociation>