<?xml version = '1.0' encoding = 'UTF-8'?>
<FKIndexAssociation class="oracle.dbtools.crest.model.design.relational.FKIndexAssociation" directorySegmentName="seg_0" id="C0386E1E-1945-E2D7-47FF-531BEB064B8D" containerWithKeyObject="8E8FC437-F83A-BBEC-A5DC-D78935330EE1" localFKIndex="CE2AEC82-AE7C-BCA1-6ED3-EA7068D08DCA" name="DIM_REGIAO_FATO">
<createdBy>Junior</createdBy>
<createdTime>2022-11-27 15:58:13 UTC</createdTime>
<generatorID>1B770E84-9604-2B6B-EEE2-F9EA364DAD03</generatorID>
<ownerDesignName>SGV_LOGICO</ownerDesignName>
<referredTableLongName>DIM_REGIAO</referredTableLongName>
<deleteRule>NO ACTION</deleteRule>
<referredTableID>9F76761C-A174-1F0A-B411-92694338DE2A</referredTableID>
<keyObject>47C6012C-425E-69F7-B665-254CFE00E1D9</keyObject>
<referredKeyID>47C6012C-425E-69F7-B665-254CFE00E1D9</referredKeyID>
<mandatory>true</mandatory>
<refColNames>sk_regiao</refColNames>
<transferable>true</transferable>
<rely>false</rely>
<columnDependencyConstraintGenerateInDDL>true</columnDependencyConstraintGenerateInDDL>
</FKIndexAssociation>