<?xml version = '1.0' encoding = 'UTF-8'?>
<FKIndexAssociation class="oracle.dbtools.crest.model.design.relational.FKIndexAssociation" directorySegmentName="seg_0" id="EBC83261-EFF1-4521-A078-3F4E03819E0D" containerWithKeyObject="8E8FC437-F83A-BBEC-A5DC-D78935330EE1" localFKIndex="E176FC7B-263D-C761-C64B-73D6311FDF59" name="DIM_FAIXA_ETARIA_TEMPO">
<createdBy>Junior</createdBy>
<createdTime>2022-11-27 15:58:13 UTC</createdTime>
<generatorID>ED351BE4-E5E7-DBEB-2DA8-6A4DABCFC114</generatorID>
<ownerDesignName>SGV_LOGICO</ownerDesignName>
<referredTableLongName>DIM_FAIXA_ETARIA</referredTableLongName>
<deleteRule>NO ACTION</deleteRule>
<referredTableID>11719DB3-E941-4BFB-3EC5-17F1223EEE81</referredTableID>
<keyObject>5A7C07FB-52DD-27AE-834E-85BEA42BF615</keyObject>
<referredKeyID>5A7C07FB-52DD-27AE-834E-85BEA42BF615</referredKeyID>
<mandatory>true</mandatory>
<refColNames>sk_faixa_etaria</refColNames>
<transferable>true</transferable>
<rely>false</rely>
<columnDependencyConstraintGenerateInDDL>true</columnDependencyConstraintGenerateInDDL>
</FKIndexAssociation>