<?xml version = '1.0' encoding = 'UTF-8'?>
<Diagram class="oracle.dbtools.crest.swingui.relational.DPVRelational" name="Relational_1" id="9DB58786-6B27-1A8B-6015-1C7FBB623D53">
<createdBy>Junior</createdBy>
<modifiedBy>Junior</modifiedBy>
<createdTime>2022-11-23 18:28:54 UTC</createdTime>
<autoRoute>false</autoRoute>
<boxInbox>true</boxInbox>
<showLegend>false</showLegend>
<showLabels>false</showLabels>
<showRelAttributes>false</showRelAttributes>
<gridEnabled>false</gridEnabled>
<showGrid>false</showGrid>
<diagramColor>-1</diagramColor>
<display>false</display>
<notation>1</notation>
<objectViews>
<OView class="oracle.dbtools.crest.swingui.relational.TVTable" oid="11719DB3-E941-4BFB-3EC5-17F1223EEE81" otype="Table" vid="F0718BD0-369D-2D77-B869-A42AB8CF6BFD">
<hideElementsInCurrentOnly>false</hideElementsInCurrentOnly>
<bounds x="1060" y="476" width="260" height="190"/>
</OView>
<OView class="oracle.dbtools.crest.swingui.relational.TVTable" oid="65FCE061-0D6E-A016-5B10-5758CF48AD03" otype="Table" vid="D1A773FE-E7DA-FAAA-60BA-45BEED0E5057">
<hideElementsInCurrentOnly>false</hideElementsInCurrentOnly>
<bounds x="125" y="17" width="248" height="215"/>
</OView>
<OView class="oracle.dbtools.crest.swingui.relational.TVTable" oid="8E8FC437-F83A-BBEC-A5DC-D78935330EE1" otype="Table" vid="8FD86E24-EB1D-ACDC-1EE4-9571BA5EDF41">
<hideElementsInCurrentOnly>false</hideElementsInCurrentOnly>
<bounds x="488" y="209" width="385" height="353"/>
</OView>
<OView class="oracle.dbtools.crest.swingui.relational.TVTable" oid="9F76761C-A174-1F0A-B411-92694338DE2A" otype="Table" vid="2F6BD0EC-FB87-008D-B8C2-4ADA59051718">
<hideElementsInCurrentOnly>false</hideElementsInCurrentOnly>
<bounds x="126" y="555" width="248" height="169"/>
</OView>
<OView class="oracle.dbtools.crest.swingui.relational.TVTable" oid="E48E2498-0A88-EFFD-E06E-E1FA63555528" otype="Table" vid="F77A152E-FF92-5057-96BE-A462AFF5292C">
<hideElementsInCurrentOnly>false</hideElementsInCurrentOnly>
<bounds x="1062" y="168" width="257" height="239"/>
</OView>
<OView class="oracle.dbtools.crest.swingui.relational.TVTable" oid="E88027F1-3814-76AD-8C5C-A321747F4BDA" otype="Table" vid="EC55C3CF-9C5E-3091-08EF-E20708AF90C0">
<hideElementsInCurrentOnly>false</hideElementsInCurrentOnly>
<bounds x="123" y="247" width="251" height="296"/>
</OView>
</objectViews>
<connectors>
<Connector class="oracle.dbtools.crest.swingui.relational.TVFKRelation" oid="49CEBC73-F1D0-2CC2-FE80-644EDD91506B" otype="FKIndexAssociation" vid_source="F77A152E-FF92-5057-96BE-A462AFF5292C" vid_target="8FD86E24-EB1D-ACDC-1EE4-9571BA5EDF41">
<hideElementsInCurrentOnly>false</hideElementsInCurrentOnly>
<backgroundColor>-16777216</backgroundColor>
<lineWidth>1</lineWidth>
<points>
<point x="1062" y="308"/>
<point x="873" y="308"/>
</points>
</Connector>
<Connector class="oracle.dbtools.crest.swingui.relational.TVFKRelation" oid="8314195C-A3D8-7C2F-97CB-6BC811532D59" otype="FKIndexAssociation" vid_source="EC55C3CF-9C5E-3091-08EF-E20708AF90C0" vid_target="8FD86E24-EB1D-ACDC-1EE4-9571BA5EDF41">
<hideElementsInCurrentOnly>false</hideElementsInCurrentOnly>
<backgroundColor>-16777216</backgroundColor>
<lineWidth>1</lineWidth>
<points>
<point x="374" y="395"/>
<point x="488" y="395"/>
</points>
</Connector>
<Connector class="oracle.dbtools.crest.swingui.relational.TVFKRelation" oid="AC44049F-A265-5783-4A8A-5FF9D116974A" otype="FKIndexAssociation" vid_source="D1A773FE-E7DA-FAAA-60BA-45BEED0E5057" vid_target="8FD86E24-EB1D-ACDC-1EE4-9571BA5EDF41">
<hideElementsInCurrentOnly>false</hideElementsInCurrentOnly>
<backgroundColor>-16777216</backgroundColor>
<lineWidth>1</lineWidth>
<points>
<point x="373" y="109"/>
<point x="668" y="109"/>
<point x="668" y="209"/>
</points>
</Connector>
<Connector class="oracle.dbtools.crest.swingui.relational.TVFKRelation" oid="C0386E1E-1945-E2D7-47FF-531BEB064B8D" otype="FKIndexAssociation" vid_source="2F6BD0EC-FB87-008D-B8C2-4ADA59051718" vid_target="8FD86E24-EB1D-ACDC-1EE4-9571BA5EDF41">
<hideElementsInCurrentOnly>false</hideElementsInCurrentOnly>
<backgroundColor>-16777216</backgroundColor>
<lineWidth>1</lineWidth>
<points>
<point x="374" y="662"/>
<point x="659" y="662"/>
<point x="659" y="562"/>
</points>
</Connector>
<Connector class="oracle.dbtools.crest.swingui.relational.TVFKRelation" oid="EBC83261-EFF1-4521-A078-3F4E03819E0D" otype="FKIndexAssociation" vid_source="F0718BD0-369D-2D77-B869-A42AB8CF6BFD" vid_target="8FD86E24-EB1D-ACDC-1EE4-9571BA5EDF41">
<hideElementsInCurrentOnly>false</hideElementsInCurrentOnly>
<backgroundColor>-16777216</backgroundColor>
<lineWidth>1</lineWidth>
<points>
<point x="1060" y="519"/>
<point x="873" y="519"/>
</points>
</Connector>
</connectors>
</Diagram>