<?xml version = '1.0' encoding = 'UTF-8'?>
<relationalModel class="oracle.dbtools.crest.model.design.relational.RelationalDesign" name="Relational_1" id="EF61DE2A-F13A-1648-CB6D-CDC78C7AC393" mainViewID="9DB58786-6B27-1A8B-6015-1C7FBB623D53">
<createdBy>Junior</createdBy>
<createdTime>2022-11-23 17:40:30 UTC</createdTime>
<ownerDesignName>pet_shop_arca_noe</ownerDesignName>
<shouldBeOpen>true</shouldBeOpen>
<selectedRDBMSSite>32076570-2523-435C-2E92-BF29817DFF70</selectedRDBMSSite>
</relationalModel>